회사이름,영문명,공시회사명,종목코드,대표자명,법인구분,법인등록번호,사업자등록번호,주소,홈페이지,IR홈페이지,업종명,설립일,결산월
住商 Agro international(株) ,Summit Agro international Ltd.,住商Agrointernational, ,Kiyoshi Kohno,기타법인, ,14945,서울특별시 영등포구 여의도동 대한투자신탁 6층,www.summit-agro.co.jp ,,건설용 석재 채굴 및 쇄석 생산업,1982-07-15,03월
가야산업주식회사,"KAYA INDUSTRY CO.,LTD",가야산업, ,박삼흠,기타법인,110111-0032914,220-81-11814,서울특별시 영등포동2가 28-130,없음,,건설용 석재 채굴 및 쇄석 생산업,1960-02-05,12월
주식회사 강남철강,"KANGNAM STEEL CO., LTD.",강남철강, ,성미라,기타법인,110111-3677155,119-81-98582,경기도 광명시 금오로 823-21 (옥길동), ,,철 광업,2007-05-16,12월
거봉산업(주),GURBONG INDUSTRY CORP.,거봉산업, ,도진권,기타법인,110111-0556295,126-81-19187,경기도 광주시 실촌읍 봉현리 633, ,,"석재, 쇄석 및 모래, 자갈 채취업",1988-01-07,12월
(주)거성개발,GEOSUNG DEVELOPMENT CO.LTD.,거성개발, ,조동윤,기타법인,131211-0021259,126-81-90443,경기도 여주시 흥천면 흥천로 308-119 (귀백리), ,,모래 및 자갈 채취업,2005-10-18,12월
(주)거창상운,"KEORCHANG TRANSPORTATION CO.,LTD.",거창상운, ,유대현,기타법인,124611-0265684,137-81-40055,인천광역시 서구 오류동 1536, ,,"석재, 쇄석 및 모래, 자갈 채취업",2001-10-15,12월
건양개발주식회사,konyangdevelopment,건양개발, ,황의성,기타법인,164511-0020636,313-81-26832,충청남도 보령시 웅천읍 만수로 658 (수부리  산6-2), ,,모래 및 자갈 채취업,2015-08-10,12월
(주)건우기업,kunwoo.co.LTD,건우기업, ,변천섭,기타법인,124511-0002236,136-81-09819,"인천광역시 강화군 양사면 인화로 356 (인화리, (주)건우기업)", ,,건설용 석재 채굴 및 쇄석 생산업,1993-12-06,12월
건우철강(주),"GeonwooSteel Co.,Ltd.",건우철강, ,김성열,기타법인,134811-0293366,143-81-19881,경기도 화성시 남양읍 주석로 148 (북양리), ,,철 광업,2014-02-20,12월
주식회사 경기개발,"Gyeonggi Develop Co.,Ltd.",경기개발, ,이기성,기타법인,141211-0031503,224-81-31904,강원도 원주시 귀래면 방아실길 51 (귀래리), ,,모래 및 자갈 채취업,2004-08-12,12월
주식회사 경동,"KYUNGDONG CO., LTD",경동, ,성유경,기타법인,144611-0000325,222-81-03192,경기도 성남시 분당구 수내로46번길 4 경동빌딩 11층 (수내동),www.kyungdong.co.kr,,"석탄, 원유 및 천연가스 광업",1974-02-01,12월
주식회사경부공영,kyungboo,경부공영, ,박사익,기타법인,184611-0012984,622-81-07743,경상남도 김해시 상동면 동북로437번길 83-43 경부공영,www.kyungboo.co.kr,,건설용 석재 채굴 및 쇄석 생산업,1994-10-28,12월
(주)경인산업개발,kyung in development company,경인산업개발, ,김용인,기타법인,134211-0018857,126-81-27479,경기도 광주시 오포읍 문형리 430-4, ,,건설용 석재 채굴 및 쇄석 생산업,1997-02-17,12월
계성제지 주식회사,"Kyesung Paper Co., Ltd.",계성제지, ,윤복노,기타법인,134811-0000654,124-81-03054,경기도 오산시 오산동 637,http://www.kyesung.co.kr,,건설용 석재 채굴 및 쇄석 생산업,1966-06-28,12월
골드킹코리아,GOLDKING KOREA,골드킹코리아, ,김영관,기타법인,200111-0119888,408-81-41688,서울특별시 강남구 역삼동 702-10 아남타워 1601호,www.goldkingkorea.com,,비철금속 광업,2000-07-21,03월
골든썬 주식회사,"GOLDENSUN Co., Ltd.",골든썬, ,임기영,기타법인,110111-1198559,105-81-74446,"전라남도 영암군 삼호읍 용앙로 438 (난전리, 센스라그시멘트(주))",www.goldensun.co.kr,,비철금속 광업,1995-10-15,12월
(주) 골든오일,goldenoilcorp,골든오일, ,구희철,기타법인,110111-2962987,119-81-71701,서울특별시 강남구 삼성동 159-1 무역센터빌딩 1506호,www.goldenoilcorp.com,,원유 및 천연가스 채굴업,2004-02-27,12월
골든자원개발주식회사,GOLDEN E&P CORP.,골든자원개발, ,배동환,기타법인,110111-5107548,104-86-47897,"서울특별시 종로구 종로1길 42 (수송동, 이마빌딩) 7층", ,,원유 및 천연가스 채굴업,2013-04-08,12월
광신산업주식회사 ,"Gwangsin Co, Ltd",광신산업, ,신용필,기타법인,110111-1967037,109-81-68984,"서울특별시 강서구 양천로57길 10-11 708호 (가양동, 이스타빌2차)", ,,건설용 석재 채굴 및 쇄석 생산업,2001-02-08,12월
굳모닝쏠트(주),"Goodmorning salt, Inc.",굳모닝쏠트, ,한숙희,기타법인,144611-0004484,222-81-09274,강원도 삼척시 근덕면 장호리 290,www.goodmorningsalt.co.kt,,천일염 생산 및 암염 채취업,1998-12-10,12월
주식회사 규원,"KYU WON CO.,LTD.",규원, ,황규천,기타법인,120111-0655897,121-86-25113,"인천광역시 서구 약암로 15 (오류동, (주)선광)", ,,모래 및 자갈 채취업,2013-04-19,12월
금단공업(주),"KeumDan Industrial Ltd., Co.",금단공업, ,성현덕,기타법인,120111-0016198,121-81-11249,인천광역시 중구 항동7가 114,dongwoncorp.com,,모래 및 자갈 채취업,1984-01-18,12월
금당광산개발주식회사,"Kumdang Mining Co., Ltd",금당광산개발, ,김영희,기타법인,145011-0015705,224-81-65554,강원도 평창군 대화면 항골길 216 (개수리), ,,비철금속 광업,2014-11-07,12월
(주)금산,"GEUMSAN CO.,LTD",금산, ,윤석권,기타법인,161411-0001772,310-81-03655,충청남도 서산시 성연면 일호리2길 113, ,,건설용 석재 채굴 및 쇄석 생산업,1991-09-17,12월
금성개발주식회사,GUM SUNG DEVELOPMENT CO.LTD,금성개발, ,신현창외1,기타법인,154311-0003159,301-81-18926,"충청북도 진천군 문백면 문진로 586 (태락리, (주)금성개발)", ,,건설용 석재 채굴 및 쇄석 생산업,1993-11-23,12월
주식회사 금호개발,"kumho development ltd.,co.",금호개발, ,백창현,기타법인,201411-0002581,415-81-06087,전라남도 해남군 산이면 구성리 산 24번지, ,,모래 및 자갈 채취업,1997-11-21,12월
주식회사 금호해운,-,금호해운, ,임병화,기타법인,220111-0072131,616-81-73684,전라남도 목포시 통일대로 63 620(상동),-,,모래 및 자갈 채취업,2009-09-02,12월
남양통상주식회사,NAMYANG CORPORATION,남양통상, ,김남조,기타법인,134811-0014630,124-81-15453,경기도 화성군 남양면 무송리 3,WWW.NAMYANGTS.CO.KR,,모래 및 자갈 채취업,1990-12-21,12월
네카스알앤디,Necas r&d,네카스알앤디, ,박순하,기타법인,170111-0327975,514-81-60812,대구광역시 남구 대명4동 3036-20,www.necasrnd.com,,비철금속 광업,2007-03-15,12월
농산개발(주),NONGSAN DEVELOPMENT.COM,농산개발, ,김정욱,기타법인,110111-0545074,214-81-09273,충청남도 홍성군 갈산면 수덕사로317번길 137-42 (가곡리),무,,모래 및 자갈 채취업,1987-10-01,12월
주식회사 다도해운,"Dado Shipping Co., Ltd.",다도해운, ,임삼재,기타법인,200111-0086102,410-81-46293,"광주광역시 서구 상무중앙로 86 (치평동, 상무트윈스)", ,,모래 및 자갈 채취업,1998-05-07,12월
다성중공업 주식회사,Da Sung Heavy Industry company,다성중공업, ,최석구,기타법인,205411-0029656,232-81-04621,전라남도 영암군 삼호읍 대불산단1로 7 1층, ,,비금속광물 광업; 연료용 제외,2018-05-03,12월
담우물산(주),Damwoo Corporation,담우물산, ,한태수,기타법인,110111-1977466,214-86-59496,서울특별시 강남구 삼성2동 141 ~142, ,,석회석 및 점토 광업,2000-06-01,12월
(주)대곡산업,"Daegok Industry co., LTD",대곡산업, ,백경진,기타법인,174811-0047921,515-81-34772,경상북도 경산시 남천면 남성현로 1009-38 (하도리), ,,건설용 석재 채굴 및 쇄석 생산업,2008-04-02,12월
주식회사 대동광업,"Daedong Crushing Co., Ltd.",대동광업, ,선홍두,기타법인,184511-0001244,621-81-09165,경상남도 양산시 덕명로 57 (덕계동), ,,건설용 석재 채굴 및 쇄석 생산업,1983-08-18,12월
대봉산업주식회사,"DAEBONG Co.,Ltd",대봉산업, ,최장현,기타법인,180111-0856857,621-86-02298,경상북도 경주시 안강읍 두류길 225 두류리 797 대봉산업 주식회사, ,,건설용 석재 채굴 및 쇄석 생산업,2013-04-18,12월
(주) 대석개발,DAESEOK,대석개발, ,김지상,기타법인,160111-0085004,306-81-35992,경기도 화성시 정남면 서봉로 831,없음,,"석재, 쇄석 및 모래, 자갈 채취업",1999-08-01,12월
대성엠디아이(주),DAESUNG MINING DEVELOPMENT INC.,대성엠디아이, ,"이신행, 김일한",기타법인,110111-0197940,113-81-16087,"서울특별시 종로구 율곡로2길 7 402호 (수송동, 서머셋팰리스서울)",www.dsmd.co.kr,,석회석 및 점토 광업,1976-06-25,12월
(주)대운산업개발,Daewoon Development Company,대운산업개발, ,함경식,기타법인,211111-0039348,401-81-15059,"전라북도 군산시 나포면 왕골로 293 (서포리, 대운산업개발)",대운산업개발.avp.kr,,그 외 기타 비금속광물 광업,1999-05-01,12월
(주)대원개발,Daewon development ,대원개발, ,배연창,기타법인,175211-0027924,513-81-50932,경상북도 고령군 우곡면 우곡로 670 (월오리), ,,건설용 석재 채굴 및 쇄석 생산업,2008-11-24,12월
(주)대원씨앤엠,"Daewon Concrete & Mining Co., Ltd. ",대원씨앤엠, ,조경래,기타법인,230111-0297802,682-81-01270,울산광역시 울주군 범서읍 정지불길 166, ,,"석재, 쇄석 및 모래, 자갈 채취업",2018-08-01,12월
대일광업주식회사,"DAEIL MINING CO.,LTD",대일광업, ,김음분,기타법인,140111-0001179,221-81-01212,강원도 춘천시 동면 금옥길 228, ,,그 외 기타 비금속광물 광업,1974-02-21,12월
대일미석(주),Daeil Miseok Corp.,대일미석, ,김완주,기타법인,161411-0009502,316-81-01091,충청남도 서산시 해미면 대곡리 867-5, ,,건설용 석재 채굴 및 쇄석 생산업,2001-05-15,12월
(주)대진이엔지,DEA JUN ENG,대진이엔지, ,정경환,기타법인,194211-0031360,609-81-34043,경상남도 창원시 의창구 남산로9번길 8 (팔용동),www.sepa.co.kr,,건설용 석재 채굴 및 쇄석 생산업,1998-08-19,12월
대한광물주식회사,"Korea Minerals Co., Ltd",대한광물, ,황기철,기타법인,144511-0008313,227-81-17181,강원도 양양군 서면 장승리 산15번지, ,,철 광업,2010-12-20,12월
주식회사 대해엔지니어링,"Daihe engneering Co., ltd.",대해엔지니어링, ,강덕재,기타법인,110111-0289664,120-81-23873,경기도 성남시 분당구 궁내동 384, ,,광업 지원 서비스업,1981-02-16,12월
(주)대호시리카,daehosillica,대호시리카, ,김상노,기타법인,120111-0298100,137-81-48630,인천광역시 서구 보듬로 11 (오류동), ,,비금속광물 광업; 연료용 제외,2002-09-30,12월
(주)대홍,"DAEHONG CO., LTD.",대홍, ,고재영,기타법인,175111-0001160,510-81-03328,경상북도 성주군 초전면 주천로 1332-22 (용봉리), ,,건설용 석재 채굴 및 쇄석 생산업,1993-09-01,12월
주식회사 대흥,"Dae Heung Co.,Ltd.",대흥, ,정주헌,기타법인,161411-0015567,316-81-07057,충청남도 서산시 팔봉면 호리 621-3, ,,모래 및 자갈 채취업,2005-06-21,12월
더고이 주식회사,"Seoul Energy Resources Co., Ltd.",더고이, ,신영호,기타법인,110111-2230574,109-81-70592,서울특별시 강서구 공항대로 607 (염창동), ,,원유 및 천연가스 채굴업,2001-05-03,12월
(주)도고산업개발,Dogo Development Inc,도고산업개발, ,김혜겸,기타법인,164811-0037891,312-81-85594,충청남도 아산시 신창면 신달리 286 - 14, ,,건설용 석재 채굴 및 쇄석 생산업,2006-10-01,12월
주식회사 동남,DONGNAM COMPANY,동남, ,김성호,기타법인,120111-0168882,139-81-36033,충청남도 천안시 동남구 성남면 대흥1길 173-130 (대흥리), ,,금속 광업,1998-04-09,12월
동명산업(주),DongMyeong,동명산업, ,정경훈,기타법인,154211-0004456,302-81-09115,"충청북도 영동군 양산면 양산심천로 487-58 (죽산리, (주)동명산업)", ,,건설용 석재 채굴 및 쇄석 생산업,1999-03-29,12월
(주)동서산업,DONGSEO INDUSTRY,동서산업, ,홍순희,기타법인,140111-0024600,221-81-23313,강원도 춘천시 신동면 김유정로 830-10 (혈동리) 동서산업, ,,건설용 석재 채굴 및 쇄석 생산업,2003-06-23,12월
(주)동원리소스,Dongwon Resource Corporation,동원리소스, ,이혁배,기타법인,144911-0000337,225-81-00966,서울특별시 종로구 새문안로3길 15 동원빌딩 (당주동), ,,철 광업,1985-12-26,12월
(주)동해해운,"DONGHAEMARINE.CO.,LTD",동해해운, ,"장성호, 장성태",기타법인,171711-0123833,509-81-05030,경상북도 포항시 남구 운하로251번길 37 (송도동), ,,모래 및 자갈 채취업,2016-03-17,12월
(주)듀네스,DUNESS,듀네스, ,유영민,기타법인,110111-0562250,112-81-16065,강원도 원주시 귀래면 고청길 102-74 (귀래리) 산 48, ,,건설용 석재 채굴 및 쇄석 생산업,2005-03-18,12월
주식회사 드림산업개발,"DREAM INDUSTRY CO.,LTD.",드림산업개발, ,정혜정,기타법인,134811-0057431,124-81-81313,경기도 화성시 송산면 독지리 산 200-5, ,,건설용 석재 채굴 및 쇄석 생산업,2001-02-10,12월
(주)드림에이스,dreamace,드림에이스, ,정혜정,기타법인,110111-5113892,211-88-93989,경기도 포천시 군내면 솔밭길 3 106호(용정리), ,,"석재, 쇄석 및 모래, 자갈 채취업",2013-04-16,12월
디비아이자산운용 주식회사,"DBI Asset Management Co., Ltd.",디비아이자산운용, ,정현종,기타법인,110111-8655601,338-88-02634,"서울특별시 영등포구 국제금융로 70 (여의도동, 미원빌딩)",www.dbiasset.com/home/,,비철금속 광업,2023-06-07,12월
디에코마이닝 주식회사,"The Eco Mining Co., Ltd.",디에코마이닝, ,강형석,기타법인,110111-3718016,107-86-93236,서울특별시 강남구 역삼동 809-10 한석타워 6층,www.ecomining.co.kr,,비철금속 광업,2007-07-12,12월
(주)로고스리소시스,Logosresources Corp. ,로고스리소시스, ,제이슨리,기타법인,110111-2825565,105-86-56744,경기도 성남시 분당구 정자동 6 파크뷰오피스타워 2003,,,원유 및 천연가스 채굴업,2003-07-22,12월
(주)룩손글로벌,"Luxon Global Co.,Ltd.",룩손글로벌, ,이승엽,기타법인,110111-2238875,120-86-21564,서울특별시 강남구 역삼1동 679 -4 ING타워 24층,www.luxon.co.kr,,"석탄, 원유 및 천연가스 광업",2001-01-01,12월
(주)리버랜드,riverland,리버랜드, ,김병회,기타법인,150111-0049961,301-81-47101,충청북도 청주시 흥덕구 봉명동 197-11,www.riverland.co.kr,,비철금속 광업,2000-10-26,12월
주식회사 리빙스톤코리아,"Livingstone Korea Co,. Ltd.",리빙스톤코리아, ,박승훈,기타법인,110111-4185470,117-81-70045,"서울특별시 강남구 테헤란로25길 15-3 4층 401호(역삼동, 대원빌딩)",www.livingstonekorea.com,,비철금속 광업,2009-09-25,12월
(주)리소스뱅크,"Resource Bank Co., Ltd",리소스뱅크, ,김학수,기타법인,134211-0108434,126-86-28056,경기도 광주시 초월읍 무갑리 585-8, ,,"석탄, 원유 및 천연가스 광업",2010-01-26,12월
주식회사 마투,MATO corporation,마투, ,최재용,기타법인,110111-6655992,490-86-00944,경기도 성남시 분당구 판교역로 230 (삼평동)A동 601호, ,,비금속광물 광업; 연료용 제외,2018-10-05,12월
맥빌크리스틴초이 주식회사,"McBeal Christine Choi Co.,Ltd.",맥빌크리스틴초이, ,박정준,기타법인,110111-3360122,211-87-74796,서울특별시 성동구 성수동2가 289-10번지 제강빌딩 203호, ,,"석탄, 원유 및 천연가스 광업",2005-12-15,12월
맥스테이트 주식회사,MAXTATE,맥스테이트, ,박재진,기타법인,110111-3966433,120-87-32224,서울특별시 강남구 역삼동 708-41 두올빌딩 6층, ,,광업 지원 서비스업,2008-09-10,06월
(주)메타스크,METASK CO.LTD,메타스크, ,황유현,기타법인,124411-0201640,659-87-00666,"경기도 김포시 김포대로 998-32 (걸포동, 유진빌라) 3동 101호", ,,비철금속 광업,2017-10-13,12월
주식회사 모동석산,modong,모동석산, ,강신호,기타법인,191411-0020932,892-87-02145,"경상남도 거창군 위천면 빼재로 972 (모동리, 주식회사모동석산)", ,,"석재, 쇄석 및 모래, 자갈 채취업",2021-10-01,12월
(주)무한광업,Muhan Mining Corporation,무한광업, ,우찬구,기타법인,110111-4293083,204-86-29919,서울특별시 마포구 월드컵북로5가길 8-6 (서교동), ,,비철금속 광업,2010-02-26,12월
(주)문경신소재,mkss,문경신소재, ,김동식,기타법인,154611-0002387,304-81-08640,경상북도 문경시 산북면 종곡리 28-1,www.mkss.kr,,건설용 석재 채굴 및 쇄석 생산업,1999-03-18,12월
주식회사 문경자원,"MOONKYUNG Resources Co.,Ltd",문경자원, ,"유상현, 문덕배",기타법인,175411-0005942,511-81-12233,경상북도 문경시 호계면 선암길 190-27, ,,건설용 석재 채굴 및 쇄석 생산업,2004-01-19,12월
(주)미래,"MIRAE CO.,LTD",미래, ,"박종철, 강대완",기타법인,205511-0006462,412-81-14119,전라남도 나주시 다도면 다남로 190 (송학리), ,,건설용 석재 채굴 및 쇄석 생산업,1997-10-23,12월
민경산업(주),"Minkyung Industry Co., Ltd",민경산업, ,이대규,기타법인,110111-0202640,110-81-04433,서울특별시 중구 서소문로 101 (서소문동) 대건B/D 3F, ,,화학용 및 비료원료용 광물 광업,1972-11-07,12월
방흥산업개발(주),"BH Industrial Development Co., Ltd.",방흥산업개발, ,조담진,기타법인,161211-0019365,307-81-27535,충청남도 공주시 우성면 공수원로 281-3 (방흥리), ,,건설용 석재 채굴 및 쇄석 생산업,2008-02-25,12월
배재개발(주),baejae,배재개발, ,강희재,기타법인,191111-0064093,613-81-78230,"경상남도 진주시 충의로 20-37 303호, (충무공동,배재2빌딩)", ,,금속 광업,2014-10-22,12월
벽암마인텍(주),"Byuckam Mine & Technology Co., Ltd.",벽암마인텍, ,이상운,기타법인,110111-1251795,204-81-34377,"서울특별시 송파구 백제고분로 266 8층(삼전동, 넥스파)", ,,석회석 및 점토 광업,1996-03-19,12월
주식회사 보광기업,"Bo Kwang Industry co.,Ltd",보광기업, ,이명열,기타법인,134511-0027810,135-81-26794,경기도 용인시 처인구 모현면 오산리 17-1, ,,건설용 석재 채굴 및 쇄석 생산업,1998-04-22,12월
주식회사보령개발,"BORYOUNG DEVELOPMENT CO., LTD.",보령개발, ,박수현,기타법인,164511-0036394,675-86-02183,충청남도 보령시 웅천읍 상평길 25 (평리), ,,건설용 석재 채굴 및 쇄석 생산업,2021-02-05,12월
주식회사 보창산업,Bochang material Inc.,보창산업, ,권주필,기타법인,164511-0003121,313-81-03300,충청남도 보령시 성주면 만수로 878-123 (개화리), ,,모래 및 자갈 채취업,1996-07-02,12월
주식회사 블렛스,Bless Inc.,블렛스, ,조남현,기타법인,110111-3853565,215-87-12190,서울특별시 강남구 역삼동 770-17 엘앤제이빌 202호, ,,비철금속 광업,2008-03-04,12월
(주) 비 엠 에 스,"Buyeo Materials Sales Co.,LTD.",비엠에스, ,김기일,기타법인,164311-0012801,308-81-33461,충청남도 부여군 장암면 장암로 113-41 (원문리),www.feldmine co.kr,,그 외 기타 비금속광물 광업,2010-10-01,12월
살데비다코리아(주),Sal de Vida Korea Corporation,살데비다코리아, ,"이무영, 박영태, 천영호",기타법인,144811-0008169,222-81-26104,강원도 태백시 황지로 78, ,,비철금속 광업,2010-12-27,12월
(주)삼각,SAMGAK INDUSTRIAL,삼각, ,김심겸,기타법인,151111-0041510,303-81-63524,경상북도 경주시 양남면 외남로 665-1 (석촌리), ,,건설용 석재 채굴 및 쇄석 생산업,2011-09-28,12월
삼계개발(주),SamGye Development,삼계개발, ,이후관,기타법인,195511-0242663,525-87-01528,"경상남도 김해시 해반천로130번길 39 (삼계동, 코아루센텀오피스텔) 207호", ,,건설용 석재 채굴 및 쇄석 생산업,2020-03-09,12월
삼능산업 주식회사,SAMNUNG,삼능산업, ,이윤희,기타법인,134211-0004145,126-81-20118,경기도 광주시 퇴촌면 도수리 산 39-10, ,,건설용 석재 채굴 및 쇄석 생산업,1990-11-16,12월
(주)삼덕개발,Samduck Development,삼덕개발, ,강재훈,기타법인,191411-0005116,611-81-11820,"경상남도 거창군 웅양면 산포우랑길 570 (산포리, (주)삼덕개발)", ,,건설용 석재 채굴 및 쇄석 생산업,2004-07-06,12월
(유)삼덕산업개발,Sam Deok Development Company,삼덕산업개발, ,온은경,기타법인,210114-0047049,402-81-59273,전라북도 완주군 고산면 대아저수로 179-64, ,,건설용 석재 채굴 및 쇄석 생산업,2004-05-10,12월
주식회사 삼라자원개발,"SAMRA RESOURCE AND DEVELOPMENT CO.,LTD",삼라자원개발, ,김용완,기타법인,110111-5183184,107-87-98636,"서울특별시 영등포구 선유동1로 22 (당산동2가, 당산주차빌딩)", ,,비철금속 광업,2013-07-16,12월
주식회사 삼보광업,Sb,삼보광업, ,한창희,기타법인,154611-0000232,304-81-01287,"서울특별시 강남구 테헤란로98길 16 (대치동, 제주장학회관 601호)", ,,석회석 및 점토 광업,1981-09-01,12월
삼성석회주식회사,"SAM SUNG LIMESTONE CO.,LTD",삼성석회, ,최혜경,기타법인,141411-0000413,225-81-01005,강원특별자치도 영월군 산솔면 도화동길 156 (녹전리), ,,석회석 및 점토 광업,1985-10-16,12월
삼양리소스(주),"samyang resource co.,ltd",삼양리소스, ,김도형,기타법인,284411-0090652,592-81-00599,경기도 포천시 관인면 창동로1230번길 94 (삼율리), ,,철 광업,2016-11-01,12월
삼양마이닝(주),"samyang mining co.,ltd",삼양마이닝, ,김도형,기타법인,151211-0050890,387-87-02605,충청북도 제천시 금성면 적성로3길 66 (대장리), ,,비철금속 광업,2022-06-01,12월
주식회사 삼일산업,"Samil Indusry Co,.Ltd.",삼일산업, ,장수현,기타법인,151111-0085534,416-87-02408,충청북도 충주시 대소원면 쇠실로 595-46, ,,건설용 석재 채굴 및 쇄석 생산업,2022-04-04,12월
(주)삼일홀딩스,-,삼일홀딩스, ,윤기석,기타법인,134811-0027515,124-81-46674,경기도 용인시 처인구 남사면 경기동로 2 203, ,,건설용 석재 채굴 및 쇄석 생산업,1996-06-26,12월
삼표자원개발 주식회사,"Sampyo Resources Development Co.,ltd",삼표자원개발, ,김진우,기타법인,144611-0010001,222-81-18322,강원도 삼척시 근덕면 시목길 225,-,,석회석 및 점토 광업,2004-11-25,12월
주식회사 삼한강,sam han kang.co.ltd,삼한강, ,권오성,기타법인,120111-0016544,121-81-11384,인천광역시 중구 축항대로166번길 18 (항동7가), ,,모래 및 자갈 채취업,1984-03-08,12월
삼흥육육팔팔(주),SAMHEUNG 6688 Co. LTD.,삼흥육육팔팔, ,염태욱,기타법인,161111-0003873,310-81-08664,충청남도 홍성군 갈산면 내포로1526번길 246, ,,모래 및 자갈 채취업,1997-03-12,12월
주식회사 샐리엔영,selly & young co ltd,샐리엔영, ,김철홍,기타법인,110111-4136738,211-88-30005,서울특별시 강남구 신사동 629-26 현대벨로스 1102호,-,,광업 지원 서비스업,2009-07-13,12월
서두산업 주식회사,"SeoDu Industry Co., Ltd.",서두산업, ,민정숙,기타법인,110111-0631625,214-81-20453,서울특별시 서초구 서초동 1460-5,www.seo woo togun.co.kr,,건설용 석재 채굴 및 쇄석 생산업,1989-06-03,06월
서두산업주식회사,seodoo industry co.ltd,서두산업, ,"임의규, 민정숙",기타법인,110111-0329014,214-81-02168,서울특별시 서초구 반포대로 37 (서초동), ,,건설용 석재 채굴 및 쇄석 생산업,1982-09-23,08월
(주)서룡개발,SEORYOUNG ENTERPRISE CO.LTD,서룡개발, ,"김학열, 김학모",기타법인,110111-0600555,301-81-13315,충청북도 청주시 흥덕구 옥산면 국사오산로 332 (동림리), ,,"석재, 쇄석 및 모래, 자갈 채취업",1998-12-26,12월
서미트광업(주),summit mining,서미트광업, ,서현두,기타법인,110111-2987547,220-86-82672,서울특별시 강남구 삼성1동 154-16 청림빌딩, ,,비철금속 광업,2004-04-06,12월
서울종합철강(주), ,서울종합철강, ,윤종일,기타법인,110111-0512081,220-81-31125,서울특별시 강남구 역삼동 677, ,,철 광업, ,12월
석영개발주식회사,seok young dev.,석영개발, ,김기석,기타법인,134511-0058790,135-81-52593,"경기도 용인시 수지구 문인로 30 (동천동, 현대FNG) 508호", ,,그 외 기타 비금속광물 광업,2002-02-27,12월
주식회사 석찬개발,"Seokchan Co., Ltd.",석찬개발, ,유철,기타법인,284411-0046746,127-86-07748,경기도 의정부시 신곡동 786-10 1층, ,,건설용 석재 채굴 및 쇄석 생산업,2007-05-31,12월
성경개발(주),Seong kyeong development Co.ltd,성경개발, ,소옥분,기타법인,144911-0005428,225-81-15964,강원도 영월군 중동면 유전길 233-49 (녹전리), ,,석회석 및 점토 광업,2003-12-23,12월
주식회사 성수산,"sung soo san co.,ltd",성수산, ,윤은영,기타법인,284911-0283299,685-87-02533,경기도 파주시 상골길 80 (맥금동), ,,화학용 및 비료원료용 광물 광업,2022-06-22,12월
(주)성신,SEONGSHIN,성신, ,"송영화, 김진형",기타법인,151111-0022792,303-81-38006,충청북도 충주시 산척면 인등로 1142-92,www.ssmining.co.kr,,석회석 및 점토 광업,2003-12-02,12월
(주)성신미네필드,"Seongshin Minefield Co., Ltd.",성신미네필드, ,홍진모,기타법인,144911-0000642,225-81-01403,서울특별시 강남구 도곡동 941 오복빌딩 3층,www.ssmf.co.kr,,석회석 및 점토 광업,1989-12-22,12월
성인산업(주),"SUNGIN industrial co., Ltd.",성인산업, ,최승열,기타법인,110111-3217901,212-81-71941,충청남도 공주시 이인면 검바위로 3-35 (달산리 34-1), ,,광업 지원 서비스업,2005-04-28,12월
성진소재(주),"Sung Jin So Jea Co.,LTD",성진소재, ,양영남,기타법인,124611-0235546,121-81-40628,인천광역시 중구 서해대로 3 (항동7가),-,,모래 및 자갈 채취업,2000-12-01,12월
성진해운 주식회사,"SUNG JIN INDUSTRIAL DEVELOPMENT CO.,LTD",성진해운, ,양영남,기타법인,124611-0266856,121-81-48561,"인천광역시 서구 장도로 63-1 (경서동, 해동마린(주))", ,,모래 및 자갈 채취업,2001-12-01,12월
주식회사 성하,"SEONG HA CORP. CO.,LTD",성하, ,김강원,기타법인,154111-0000167,302-81-00491,충청북도 보은군 마로읍 원정리 397,없음,,"석탄, 원유 및 천연가스 광업",1956-04-27,12월
(주)세계로,SEKERO CO.LTD.,세계로, ,이지현,기타법인,134611-0010053,125-81-24692,경기도 안성시 보개면 신안리 17, ,,건설용 석재 채굴 및 쇄석 생산업,1997-12-02,12월
(주)세동자원개발,"SEDONG RESOURCES DEVELOPMENT CO., LTD",세동자원개발, ,이관혁,기타법인,175911-0010389,507-81-11439,경상북도 울진군 기성면 기성로 1104 (사동리), ,,건설용 석재 채굴 및 쇄석 생산업,2012-06-01,12월
세븐에너지스틸,Seven Energy Steel,세븐에너지스틸, ,우태희,기타법인,110111-3762287,220-87-56400,서울특별시 강남구 역삼동 690번지,7egroup.com,,"석탄, 원유 및 천연가스 광업",2007-10-02,12월
(주)세양개발,"Seyang Development Co., Ltd",세양개발, ,이창호,기타법인,175211-0023295,513-81-42354,경상북도 칠곡군 석적읍 망정리 산 21-3, ,,건설용 석재 채굴 및 쇄석 생산업,2006-10-19,12월
세진산업개발(주),sejin industral development,세진산업개발, ,최문석,기타법인,134211-0023559,126-81-32458,경기도 광주시 직동로 19-12 (직동),-,,광업 지원 서비스업,1998-07-01,12월
소스락에너지,"Source Rock Energy of Arkansas, LLC",소스락에너지, ,"Crouch, R, Neil",기타법인, ,205472529,"1755 Wittington place, Suit 340 Dallas, Texas 75234, USA.", ,,광업 지원 서비스업,2006-08-28,12월
주식회사 송 경,"songgyeong co.,ltd.",송경, ,박대영,기타법인,110111-6786929,264-88-01163,"서울특별시 강남구 도산대로 158 (논현동, 세양APEXTOWER)", ,,석회석 및 점토 광업,2018-07-10,12월
(주)송린,songlin,송린, ,이기열,기타법인,180111-0868844,606-86-47826,부산광역시 사하구 감천항로405번길 115 (구평동), ,,모래 및 자갈 채취업,2013-07-10,12월
수산산업(주),susan lndustrial Co..Ltd,수산산업, ,고은주,기타법인,224111-0013553,616-81-60520,제주특별자치도 서귀포시 성산읍 중산간동로 3512 (수산리), ,,모래 및 자갈 채취업,2007-03-23,12월
수수팬트리,SOOSOO PANTRY,수수팬트리, ,장민성,기타법인,110111-6692845,208-87-01109,"서울특별시 강남구 선릉로 704 12층 1218호(청담동, 청담빌딩)", ,,금속 광업,2018-03-20,12월
수양해운(주),"SOOYANG MARINE TRANSPORT CO., LTD.",수양해운, ,박성열,기타법인,230111-0131034,610-81-86518,울산광역시 남구 매암동 139-18, ,,모래 및 자갈 채취업,2007-03-13,12월
(주)신기산업,"Shin Ki Industry Co.,Ltd",신기산업, ,김현우,기타법인,134511-0035243,135-81-33198,경기도 용인시 처인구 이동면 천리 950-1, ,,건설용 석재 채굴 및 쇄석 생산업,1999-07-31,12월
(주)신덕개발,SHINDOK GAEBAL,신덕개발, ,황선하,기타법인,164211-0001195,305-81-14179,"충청남도 금산군 복수면 적선길 98-24 (구례리, (주)신덕개발)", ,,모래 및 자갈 채취업,1991-10-01,12월
주식회사 신동,"SHINDONG CO.,LTD",신동, ,김형중,기타법인,110111-0725816,225-81-02116,강원특별자치도 정선군 남면 곰골길 159-13, ,,석회석 및 점토 광업,1990-10-16,06월
신석개발산업주식회사,-,신석개발산업, ,이범주,기타법인,165011-0004704,311-81-08653,"충청남도 당진시 대호지면 4.4만세로 148 (송전리, 신석개발산업)",-,,그 외 기타 비금속광물 광업,1996-11-07,12월
(주)쌍마산업,-,쌍마산업, ,권윤자,기타법인,170111-0058413,515-81-05243,경상북도 경산시 하양읍 대곡리 42,-,,건설용 석재 채굴 및 쇄석 생산업,1992-05-01,12월
쌍용자원개발주식회사,SsangYong Resources Development Co. Ltd,쌍용자원개발, ,추대영,기타법인,144711-0000711,222-81-01874,강원도 동해시 효자로 246 (삼화동),www.ssyrd.co.kr,,석회석 및 점토 광업,1985-12-09,12월
(주)씨앤케이인터내셔널,"CNK INTERNATIONAL CO., LTD",씨앤케이인터내셔널,039530,오덕균,기타법인,110111-0676811,211-86-06874,경상북도 의성군 다인면 가원농공길 92 -,www.cnkinternational.co.kr,,비철금속 광업,1990-02-19,12월
주식회사알몬티대한중석,Almontykorea Tungsten Corp.,알몬티대한중석, ,루이스블랙,기타법인,110111-3537474,214-87-97139,강원도 영월군 상동읍 중석길 79-50 (구래리), ,,광업 지원 서비스업,2006-09-29,09월
주식회사 알비엘에너지,"RBL ENERGY.,LTD",알비엘에너지, ,이종석,기타법인,281111-0122660,128-86-19062,서울특별시 강남구 논현2동, ,,"석탄, 원유 및 천연가스 광업",2007-01-22,12월
에너지홀딩스그룹주식회사,"Energy Holdings Group, Inc.",에너지홀딩스그룹, ,박희원,기타법인,110111-2946949,211-87-45025,서울특별시 강남구 논현동 211-19 태화빌딩 4층, ,,광업 지원 서비스업,2004-02-04,12월
에네오스홀딩스 주식회사,"ENEOS Holdings, Inc.",에네오스홀딩스, ,Mitsunori Takahagi,기타법인, ,29770,서울특별시 영등포구 국제금융로 10 ONE IFC빌딩 21층,www.hd.jx-group.co.jp,,"석탄, 원유 및 천연가스 광업",2010-04-01,03월
(주)에스지에스,SGS Company,에스지에스, ,김영섭,기타법인,120111-0349359,121-81-67928,인천광역시 남구 용현동, ,,모래 및 자갈 채취업,2004-06-23,12월
에스케이어스온 주식회사,"SK earthon Co., Ltd.",에스케이어스온, ,명성,기타법인,110111-8042361,589-81-02311,"서울특별시 종로구 종로 26 (서린동, SK서린동빌딩)",www.skearthon.com,,원유 및 천연가스 채굴업,2021-10-01,12월
주식회사 에코이엠씨,Eco EMC. Ltd,에코이엠씨, ,김병환,기타법인,110111-4821769,220-88-35514,강원도 정선군 임계면 벌문재로 957, ,,석회석 및 점토 광업,2012-04-03,12월
주식회사 엔알씨,National Resources Corporation,엔알씨, ,김상헌,기타법인,284311-0011486,127-81-96023,"경기도 연천군 청산면 순욱길 126 (대전리, (주)NRC)", ,,건설용 석재 채굴 및 쇄석 생산업,2005-11-16,12월
(주)엔엠씨,NMC,엔엠씨, ,성현덕,기타법인,151211-0019797,304-81-20232,충청북도 제천시 금성면 대장리 산 40, ,,비철금속 광업,2008-04-01,12월
(주)엔와이홀딩스,NY HOLDINGS,엔와이홀딩스, ,류병조,기타법인,110111-3652496,220-87-46407,서울특별시 광진구 구의동 58-16 백송빌딩 501호, ,,원유 및 천연가스 채굴업,2007-04-04,12월
(주)엔케이인베스트,"NK INVEST CO.,LTD",엔케이인베스트, ,김정기,기타법인,110111-5893345,830-81-00190,"서울특별시 강남구 테헤란로 103 3층 LS04허(삼성동, 명선상가빌딩)", ,,금속 광업,2015-11-17,12월
(주)엘젠,Elgen,엘젠, ,유기선,기타법인,110111-1460859,213-86-33023,서울특별시 강남구 청담동 48-2 재정빌딩 2층, ,,모래 및 자갈 채취업,1997-09-08,12월
(주)엘케이스톤,"LK Stone Co., Ltd.",엘케이스톤, ,이윤석,기타법인,131211-0019519,126-81-81906,강원도 원주시 귀래면 귀운길 117 (귀래리), ,,건설용 석재 채굴 및 쇄석 생산업,2004-10-06,12월
주식회사 엠씨엠코리아,"MCM KOREA CO., LTD.",엠씨엠코리아, ,김태형,기타법인,110111-4903054,104-86-42403,서울특별시 중구 남대문로5가 연세세브란스빌딩, ,,비철금속 광업,2012-06-28,12월
엠케이코리아주식회사,"MKkorea.co.,ltd",엠케이코리아, ,안만규,기타법인,151211-0036288,896-87-00682,충청북도 제천시 봉양읍 장평로 78 (장평리), ,,모래 및 자갈 채취업,2017-03-10,12월
(주)여수골재,"YOSUGOLJE CO.,LTD",여수골재, ,"박종선, 정성렬",기타법인,206211-0032420,417-81-33033,전라남도 여수시 율촌면 가장리 산4, ,,건설용 석재 채굴 및 쇄석 생산업,2006-07-05,12월
주식회사영백염전,"youngbeck saltfarm co.,ltd",영백염전, ,김영관,기타법인,205811-0009080,410-86-19656,전라남도 영광군 염산면 칠산로9길 185-86 (두우리), ,,천일염 생산 및 암염 채취업,2008-05-29,12월
주식회사 영진기업,"youngjin industry co.,Ltd",영진기업, ,정효식,기타법인,170111-0032897,503-81-09251,경상북도 칠곡군 가산면 학산리 897, ,,"석재, 쇄석 및 모래, 자갈 채취업",1987-12-24,12월
영풍산업주식회사,YOUNG POONG MINING & CONSTRUCTION CORPORATION,영풍산업,002850,윤병권,기타법인,110111-0027014,211-81-11130,서울특별시 서초구 반포동 748-8,www.youngpoong-mc.co.kr,,비철금속 광업,1959-11-25,12월
주식회사 영흥이앤씨,YEONGHUENG E&C,영흥이앤씨, ,김수연,기타법인,134211-0243818,423-86-02001,"경기도 광주시 중앙로 89-1 408(역동, 상원오피스텔)", ,,광업 지원 서비스업,2020-12-24,12월
예광골재 주식회사,YEGWANG AGGREGATES. CO. LTD,예광골재, ,권혁주,기타법인,110111-5579630,243-86-00071,전라남도 여수시 율촌면 중산길 67-289 (가장리), ,,모래 및 자갈 채취업,2014-12-03,12월
(주)예당에너지,"Yedang Energy Co. Ltd.,",예당에너지, ,"오강현, 정창엽",기타법인,110111-3446138,214-87-88848,서울특별시 서초구 서초동 1442-19 현우빌딩 402호, ,,원유 및 천연가스 채굴업,2006-04-25,12월
주식회사 와이앤피산업,Y&P INDUSTRY.CO.LTD,와이앤피산업, ,최동연,기타법인,171611-0001669,507-81-03244,경상북도 영덕군 축산면 고경길 120, ,,건설용 석재 채굴 및 쇄석 생산업,1997-05-01,12월
주식회사 왕도개발,"Wang Do Develop Co., Ltd",왕도개발, ,이태권,기타법인,134511-0152063,512-81-17167,경기도 용인시 처인구 삼가동 340-1, ,,비철금속 광업,2010-04-02,12월
주식회사요석산업,yosuk,요석산업, ,양정인,기타법인,220111-0056010,616-81-55973,제주특별자치도 제주시 애월읍 광상로 633-51 (소길리), ,,모래 및 자갈 채취업,2006-06-10,12월
용하산업(주),YONGHA,용하산업, ,박영호,기타법인,164811-0030580,312-81-69691,충청남도 아산시 영인면 월선리 384번지, ,,건설용 석재 채굴 및 쇄석 생산업,2004-07-01,12월
주식회사 우리산업 ,"Woori Industry Co.,Ltd.",우리산업, ,오부근,기타법인,165111-0004885,316-81-04711,충청남도 태안군 원북면 방갈리 185번지, ,,모래 및 자갈 채취업,2003-10-30,12월
우림자원개발,Woolim,우림자원개발, ,유철준,기타법인,134511-0095669,135-81-81894,경기도 용인시 수지구 동천동 853-1, ,,광업 지원 서비스업,2005-11-17,12월
(주) 우성산업개발, ,우성산업개발, ,이기윤,기타법인,131211-0002844,126-81-12603,경기도 여주군 북내면 천송리 31-6,-,,모래 및 자갈 채취업,1993-09-14,12월
우신건업주식회사,"WOO SHIUN CO., LTD.",우신건업, ,박예식,기타법인,110111-0402597,219-81-02538,경기도 양주군 광적면 가납리 산2번지,해당없음,,건설용 석재 채굴 및 쇄석 생산업,1985-08-01,12월
웅산개발(주),-,웅산개발, ,김현우,기타법인,180111-1003754,758-88-00198,부산광역시 사하구 을숙도대로 617 (신평동), ,,건설용 석재 채굴 및 쇄석 생산업,2015-12-01,12월
(주)유니크앤베스트,Unique and Best,유니크앤베스트, ,이영석,기타법인,110111-1329386,120-81-70911,서울특별시 동대문구 장안2동 312-3번지, ,,모래 및 자갈 채취업,1999-04-15,12월
주식회사 유비홀딩스,"UB HOLDING CO., LTD",유비홀딩스, ,류준상,기타법인,134511-0143559,142-81-22549,경기도 용인시 처인구 양지면 제일리 603번지, ,,광업 지원 서비스업,2009-09-14,12월
(주)유아이홀딩스,UI holdings,유아이홀딩스, ,최규선,기타법인,110111-3661497,220-87-46824,서울특별시 강남구 역삼1동 676 삼부빌딩 9층, ,,"석탄, 원유 및 천연가스 광업",2007-04-20,12월
유진아이티디(주),Eugne ITD,유진아이티디, ,김재식,기타법인,124311-0002206,139-81-13705,"서울특별시 영등포구 국제금융로 24 (여의도동, 유진빌딩)", ,,비철금속 광업,1977-06-17,12월
유진자원(주),EUGENE MATERIAL,유진자원, ,김춘수,기타법인,115611-0006477,128-81-10917,경기도 파주시 법원읍 금곡리 산 18, ,,건설용 석재 채굴 및 쇄석 생산업,1991-10-01,12월
주식회사 유형개발,YooHyung Development.co.Ltd.,유형개발, ,정규식,기타법인,144611-0031544,747-86-03129,강원특별자치도 삼척시 동해대로 4191 224호(교동), ,,그 외 기타 비금속광물 광업,2024-02-28,12월
(주)이에이지씨,"EAGC CO.,LTD",이에이지씨, ,김형기,기타법인,110111-1243065,120-81-60316,서울특별시 강남 삼성 162-2 일석빌딩 2층, ,,원유 및 천연가스 채굴업,1996-04-01,12월
(주)인광기업,Inkwang Inc.,인광기업, ,"김용희, 정병화",기타법인,150111-0344684,784-88-02841,충청북도 청주시 흥덕구 옥산면 환희길 231-21 (환희리), ,,건설용 석재 채굴 및 쇄석 생산업,2023-02-22,12월
(주)인광기업,"LNKWANG CO.,LTD",인광기업, ,김상문,기타법인,120111-0066987,214-81-58769,서울특별시 동작구 신대방동 395-67 롯데관악타워 5층,WWW.LNKWANG.CO.KR,,석회석 및 점토 광업,1991-05-22,12월
인성개발주식회사,"INSUNG DEVELOPEMENT.Co.,Ltd",인성개발, ,강종원,기타법인,161211-0025370,307-81-34322,충청남도 공주시 월송동현로 308, ,,모래 및 자갈 채취업,2011-05-18,12월
자원개발주식회사,jawon,자원개발, ,김창길,기타법인,165011-0031400,311-81-35000,전라남도 영암군 삼호읍 용당부두길 50 (용당리) 자원개발주식회사, ,,모래 및 자갈 채취업,2010-06-15,12월
장안산업개발,Jangan corporation,장안산업개발, ,서경석,기타법인,131211-0004776,126-81-23677,경기도 여주군 점동면 장안리 산 33-1, ,,모래 및 자갈 채취업,1996-04-16,12월
(주)정도개발,JEONGDO DEVELOPMENT INC.,정도개발, ,최경율,기타법인,134511-0020195,135-81-20320,"경기도 용인시 기흥구 죽전로 17 (보정동, 풍산프라자)8층", ,,석회석 및 점토 광업,1996-08-27,12월
제이에스개발(주),JANG SUNG,제이에스개발, ,송복근,기타법인,205911-0009418,409-81-80608,전라남도 장성군 북하면 단풍로 1048-90 (대악리) 산4번지, ,,건설용 석재 채굴 및 쇄석 생산업,2004-04-13,12월
주식회사 제이티엠종합건축사사무소,jtmarchi,제이티엠종합건축사사무소, ,이준무,기타법인,110111-4818691,214-88-93601,"서울특별시 강남구 봉은사로103길 5 (삼성동, 성재빌딩) 2층, 6층",www.jtmarchi.com,,광업 지원 서비스업,2012-03-25,12월
제일광업주식회사, ,제일광업, ,조재삼,기타법인,110111-2430075,201-81-70850,서울특별시 중구 신당동 355-8 백석빌딩 5-505, ,,비철금속 광업,2002-01-23,12월
(주)젠코리아스틸,Zenkoreasteel,젠코리아스틸, ,유현철,기타법인,110111-8208294,134-88-02366,울산광역시 울주군 온산읍 화산로 89 (원산리) 젠코리아스틸,www.zenkoreasteel.co.kr,,비철금속 광업,2022-03-01,12월
준산업개발주식회사,junsanup,준산업개발, ,하영연,기타법인,284911-0071834,141-81-12505,경기도 파주시 법원읍 금곡리, ,,모래 및 자갈 채취업,2009-05-01,12월
중앙조선(주),"JOONG ANG SHIPYARD.CO.,LTD.",중앙조선, ,김지호,기타법인,120111-0039603,139-81-13665,인천광역시 중구 우현로 15-1 (사동), ,,석회석 및 점토 광업,1987-03-01,12월
주식회사지에스아이,GSI Ltd,지에스아이, ,이황,기타법인,164311-0012215,308-81-32176,충청남도 부여군 석성면 왕릉로 702 1층(증산리), ,,건설용 석재 채굴 및 쇄석 생산업,2010-02-08,12월
지에스엠주식회사,"GSM co.,ldt",지에스엠, ,박견학,기타법인,194911-0018421,612-81-29134,경상남도 거제시 동부면 율포로 408-31 (부춘리), ,,건설용 석재 채굴 및 쇄석 생산업,2008-03-05,12월
(주)지엔텍리소스,GENTECH RESOURCE Inc,지엔텍리소스, ,정봉규,기타법인,110111-3714155,214-88-11671,서울특별시 서초구 방배동 477-1 맴버스뷰 5층 506호, ,,광업 지원 서비스업,2007-06-28,12월
진성개발주식회사,"JINSUNG DEVELOPMENT.,LTD",진성개발, ,박춘복,기타법인,175211-0001994,504-81-13044,경상북도 칠곡군 왜관읍 중앙로 251, ,,모래 및 자갈 채취업,1992-08-20,12월
주식회사 창대개발산업,changdae gaebal sanup,창대개발산업, ,전덕용,기타법인,284911-0193042,188-88-01234,강원도 강릉시 경강로 2044 2층 (명주동), ,,비금속광물 광업; 연료용 제외,2018-11-16,12월
주식회사 천도,"CHUN DO CO., LTD.",천도, ,김동욱,기타법인,120111-0333138,121-81-64557,인천광역시 중구 항동7가 85-1, ,,모래 및 자갈 채취업,2003-12-19,12월
청우산업(주),Chungwoo Industry Co,청우산업, ,김순배,기타법인,145111-0001489,224-81-07480,강원도 횡성군 횡성읍 학곡리 778,-,,모래 및 자갈 채취업,1993-12-29,12월
(주)청주석회,Cheong Ju Limestone Incorporated.,청주석회, ,최종문,기타법인,110111-0854988,120-81-19909,"서울특별시 강남구 테헤란로87길 36 1004호(삼성동, 도심공항타워)",www.cjlimestone.com,,석회석 및 점토 광업,1992-05-01,12월
주식회사 케이씨엠,KCM IND,케이씨엠, ,"최재현, 최우길",기타법인,134111-0114524,123-81-95207,경기도 화성시 마도면 신남로 16-40 (쌍송리), ,,"석재, 쇄석 및 모래, 자갈 채취업",2004-01-07,12월
케이앤에스자원개발주식회사,K and S Resources Development,케이앤에스자원개발, ,"김지예, 김기원, 김찬호",기타법인,131111-0315357,144-81-02573,"경기도 성남시 분당구 정자일로 158 403호 (정자동, 백궁프라자2)", ,,석탄 광업,2012-06-25,12월
(주)케이에스에너지,KSEnergy Corporation,케이에스에너지, ,한종환,기타법인,110111-3273903,220-87-13449,서울특별시 서초구 서초동 1699-7 로펌타워 502,없음,,광업 지원 서비스업,2005-07-25,12월
케이지미얀마 주식회사,KG Myanmar,케이지미얀마, ,배창주,기타법인,170111-0664369,810-81-01064,"대구광역시 동구 첨단로 120 (신서동, 한국가스공사)", ,,"석탄, 원유 및 천연가스 광업",2017-12-12,12월
코데코에너지주식회사,kodeco energy co..ltd,코데코에너지, ,최계월,기타법인,110111-0292716,110-81-30135,서울특별시 용산구 한남2동 738-23 4층, ,,광업 지원 서비스업,1981-04-01,12월
코리아노블메탈(주),"Korea Noble Metals. co.,ltd",코리아노블메탈, ,박주리,기타법인,164811-0042783,312-81-94604,충청남도 예산군 신암면 용산로 82-17 (조곡리),knoblemetals.co.kr,,비철금속 광업,2011-11-01,12월
태봉광업(주),"TAEBONG MINING CO.,LTD.",태봉광업, ,이청일,기타법인,110111-2147084,106-81-96123,서울특별시 용산구 갈월동 갑을빌딩 7층, ,,석회석 및 점토 광업,2001-01-10,12월
(주)태승개발,Tae seung development,태승개발, ,김상완,기타법인,181211-0022942,610-81-16458,충청북도 음성군 감곡면 월정리 산 140-1, ,,건설용 석재 채굴 및 쇄석 생산업,1993-05-15,03월
태안광업(주),TAEAN,태안광업, ,안종범,기타법인,110111-2793647,214-87-35579,강원도 태백시 통동 산67-1, ,,"석탄, 원유 및 천연가스 광업",2003-06-05,12월
(주)태영이엠씨,"Tae Young EMC Co.,Ltd",태영이엠씨, ,김재성,기타법인,141411-0000314,225-81-00646,"강원도 평창군 미탄면 수청길 227 (수청리, 태영EMC)",www.tyemc.com,,석회석 및 점토 광업,1982-03-09,12월
(주)태원기업,TAEWON ENTERPRISE CORPORATION,태원기업, ,박원자,기타법인,134111-0025226,121-81-19289,"인천광역시 서구 장도로 63-2 (청라동, 장강산업개발(주))",taewon enterprise.co.kr,,모래 및 자갈 채취업,1988-08-31,12월
주식회사태천,"TaeCheon Co., Ltd",태천, ,조대희,기타법인,230111-0052719,620-81-17944,울산광역시 울주군 범서읍 정지불길 119 (중리) (주)태천, ,,모래 및 자갈 채취업,1998-10-31,12월
태형건업 주식회사,taehyung kunup,태형건업, ,"윤호중, 명재호",기타법인,171311-0057303,316-81-30617,경상북도 김천시 남면 농남로 1284-82 (부상리),www.ate-hyung.co.kr,,모래 및 자갈 채취업,2023-12-01,12월
(주)태화산업,"TAEHWA INDUSTRIAL CO., LTD",태화산업, ,장성녀,기타법인,120111-0322967,121-81-62355,인천광역시 중구 연안부두로91번길 4-3 (항동7가), ,,모래 및 자갈 채취업,2003-07-14,12월
주식회사 토평골재산업,"Topyung Co., Ltd",토평골재산업, ,김춘섭,기타법인,124411-0187866,406-88-00472,경기도 파주시 조리읍 문원길 291 (대원리), ,,건설용 석재 채굴 및 쇄석 생산업,2017-01-01,12월
(주)투모로,  tomorrow,투모로, ,김형선,기타법인,115411-0025637,127-81-44184,경기도 파주시 파평면 덕천리 산12-7, ,,"석재, 쇄석 및 모래, 자갈 채취업",2001-02-10,12월
(주)페트로떼라,Petro Terra Corpotation,페트로떼라, ,김을수,기타법인,110111-1902695,215-81-88932,서울특별시 동작구 사당동 449-26,www.petroterra.co.kr,,원유 및 천연가스 채굴업,2000-03-10,12월
(주)프리굿,FREE GOOD,프리굿, ,오석민,기타법인,110111-3648560,220-87-45825,서울특별시 서초구 강남대로 539 (반포동) 2층, ,,금속 광업,2007-03-28,12월
피델리 주식회사,"Fideli Co., Ltd",피델리, ,김준태,기타법인,285011-0257449,128-87-04358,경기도 고양시 일산서구 경의로 797 (덕이동), ,,원유 및 천연가스 채굴업,2014-01-16,12월
주식회사 하룡,HaRyong,하룡, ,김윤태,기타법인,165111-0002742,316-81-05345,충청남도 당진군 당진읍 구룡리산44, ,,모래 및 자갈 채취업,2004-04-01,12월
주식회사 하마인베스트,"HAMA INVEST CO,. LTD",하마인베스트, ,정원석,기타법인,110111-5832202,348-81-00217,"서울특별시 강남구 테헤란로52길 21 4층(역삼동, 역삼동벤처빌딩)", ,,금속 광업,2015-09-08,12월
주식회사 한국건설자원공영,"Korea Construction resources Co., Ltd.",한국건설자원공영, ,노순안,기타법인,110111-0769137,211-81-68235,경기도 여주군 여주읍 하리 3-1,없음,,모래 및 자갈 채취업,1991-04-11,12월
한국남방개발주식회사,"korea development co.,ltd",한국남방개발, ,박민정,기타법인,110111-0012627,110-81-30251,"서울특별시 강남구 테헤란로43길 8 11층, (역삼동)", ,,원유 및 천연가스 채굴업,1963-11-29,12월
한국석유공사,Korea National Oil Corporation,한국석유공사, ,김정래,기타법인,114671-0001753,138-82-01727,"울산광역시 중구 종가로 305 (우정동, 한국석유공사)",www.knoc.co.kr,,원유 및 천연가스 채굴업,1979-03-03,12월
한국종합개발 주식회사,koreaconstruction,한국종합개발, ,이홍관,기타법인,110111-7894945,412-86-02199,경기도 포천시 군내면 틀못이길 235 (하성북리),www.hyulimgroup.com,,건설용 석재 채굴 및 쇄석 생산업,2021-06-01,12월
한국지엠서인천서비스센터,gmms,한국지엠서인천서비스센터, ,"황인복, 장인영",기타법인,120111-0353368,121-81-68970,"인천광역시 서구 건지로 45-42 (석남동, 한국지엠동인천서비스센터)", ,,비금속광물 광업; 연료용 제외,2004-09-01,12월
한덕철광산업 주식회사,"Handuk Iron-mine & Construction CO., LTD",한덕철광산업, ,노상혁,기타법인,144911-0003109,225-81-13326,강원도 정선군 신동읍 조동1길 154 (조동리),smhanduk.co.kr/,,철 광업,2001-06-04,12월
주식회사 한 동, ,한동, ,박종훈,기타법인,120111-0016445,121-81-11521,인천광역시 중구 북성동 1가 98, ,,모래 및 자갈 채취업,1984-02-28,12월
(주)한마음,hanmaeum,한마음, ,전상규,기타법인,141211-0104946,434-86-01720,강원도 원주시 문막읍 개나루길 10 (포진리)1층, ,,모래 및 자갈 채취업,2019-06-24,12월
한몽에너지개발(주),KOMECO,한몽에너지개발, ,고인현,기타법인,280211-0104188,127-86-28608,경기도 의정부시 의정부동 501-1 6층, ,,석탄 광업,2010-12-23,12월
한몽자원개발주식회사,"HANMONG RESOURCES DEVELOPMENT CO., LTD.",한몽자원개발, ,이승식,기타법인,110111-2935538,201-81-85692,서울특별시 중구 명동1가 38-1 백제빌딩 5층,http://www.hmrd.co.kr,,비철금속 광업,2004-02-10,03월
(주)한아해운,"Hana Shipping Co., Ltd",한아해운, ,정길수,기타법인,120111-0322149,121-81-62049,인천광역시 중구 항동7가 112-10, ,,모래 및 자갈 채취업,2003-07-04,12월
현대광업(주),HYUNDAIMINING,현대광업, ,곽문엽,기타법인,175911-0001651,507-81-20321,울산광역시 울주군 범서읍 정지불길 166 (중리), ,,모래 및 자갈 채취업,1996-07-01,12월
현대자원개발(주),"Hyundai Energy & Resources Cp., Ltd.",현대자원개발, ,장안석,기타법인,110111-4573807,101-86-62813,"서울특별시 종로구 율곡로2길 25 14층 현대자원개발(수송동, 연합뉴스빌딩)",www.hyundai-enr.com,,광업 지원 서비스업,2011-04-06,12월
현석산업개발 주식회사,"Hyunseok Development Co., Ltd.",현석산업개발, ,이원옥,기타법인,131411-0246811,134-86-69816,"경기도 안산시 단원구 광덕대로 138 408호(고잔동, 골든에이스프라자)", ,,건설용 석재 채굴 및 쇄석 생산업,2010-09-01,12월
혜인자원,Haein Resource Corporation,혜인자원, ,송남희,기타법인,175911-0006198,507-81-07158,경상북도 울진군 후포면 금음리 573, ,,비금속광물 광업; 연료용 제외,2006-01-19,12월
(주)황등산업,HWANG DEUNG Inc,황등산업, ,"김종성, 최병대",기타법인,214911-0013351,403-81-20577,전라북도 익산시 황등면 황등10길 2 (황등리),www.황등산업.kr,,건설용 석재 채굴 및 쇄석 생산업,2010-03-02,12월
회계법인 여일,Accounting Corporation Yeoil,회계법인여일, ,정재용,기타법인,250134-0047213,115-88-03156,"서울특별시 영등포구 국제금융로2길 7 (여의도동, 한주빌딩) 6층", ,,비금속광물 광업; 연료용 제외,2024-02-26,06월
주식회사 흥진,Heung jin co.Ltd.,흥진, ,천무엽,기타법인,171411-0003164,511-81-02846,경상북도 상주시 은척면 하흘리 662-1,없음,,"석탄, 원유 및 천연가스 광업",1992-07-25,12월
