basic_code,basic_name,sub_code,sub_name,mid_code,mid_name,large_code,large_name
0111,곡물 및 식량작물 재배업,011,작물 재배업,01,농축산업 및 관련 서비스업,A,농림어업
0112,"채소, 과실 및 기타 작물 재배업",011,작물 재배업,01,농축산업 및 관련 서비스업,A,농림어업
0121,낙농 및 육우 사육업,012,축산업,01,농축산업 및 관련 서비스업,A,농림어업
0122,양돈업,012,축산업,01,농축산업 및 관련 서비스업,A,농림어업
0123,양계 및 가금류 사육업,012,축산업,01,농축산업 및 관련 서비스업,A,농림어업
0129,기타 축산업,012,축산업,01,농축산업 및 관련 서비스업,A,농림어업
0130,농축산 관련서비스업,013,농축산 관련서비스업,01,농축산업 및 관련 서비스업,A,농림어업
0200,임업,020,임업,02,임업,A,농림어업
0300,수산어획업,030,수산어획업,03,어업,A,농림어업
0310,양식업 및 관련 서비스,031,양식업 및 관련 서비스,03,어업,A,농림어업
0510,석탄광업,051,석탄광업,05,"석탄, 원유 및 천연가스 채굴업",B,광업
0520,원유 및 천연가스 채굴업,052,원유 및 천연가스 채굴업,05,"석탄, 원유 및 천연가스 채굴업",B,광업
0600,금속광업,060,금속광업,06,금속광업,B,광업
0710,골재 및 석재 채취업,071,골재 및 석재 채취업,07,비금속광업,B,광업
0790,기타 비금속 광업,079,기타 비금속 광업,07,비금속광업,B,광업
1011,도축업,101,"도축, 육류 가공 및 저장 처리업",10,식료품 제조업,C01,음식료품제조업
1012,육류 가공 및 저장 처리업,101,"도축, 육류 가공 및 저장 처리업",10,식료품 제조업,C01,음식료품제조업
1020,수산물 가공 및 저장 처리업,102,수산물 가공 및 저장 처리업,10,식료품 제조업,C01,음식료품제조업
1030,"과일, 채소 가공 및 저장 처리업",103,"과일, 채소 가공 및 저장 처리업",10,식료품 제조업,C01,음식료품제조업
1041,동물성 및 식물성 유지 제조업,104,유지 및 식품첨가물 제조업,10,식료품 제조업,C01,음식료품제조업
1042,설탕 제조업,104,유지 및 식품첨가물 제조업,10,식료품 제조업,C01,음식료품제조업
1043,조미료 및 식품첨가물 제조업,104,유지 및 식품첨가물 제조업,10,식료품 제조업,C01,음식료품제조업
1050,낙농제품 및 식용 빙과류 제조업,105,낙농제품 및 식용 빙과류 제조업,10,식료품 제조업,C01,음식료품제조업
1061,곡물 도정업,106,"곡물가공품, 전분 및 전분제품 제조업",10,식료품 제조업,C01,음식료품제조업
1062,곡물 제분 및 곡물 가공품 제조업,106,"곡물가공품, 전분 및 전분제품 제조업",10,식료품 제조업,C01,음식료품제조업
1063,전분제품 및 당류 제조업,106,"곡물가공품, 전분 및 전분제품 제조업",10,식료품 제조업,C01,음식료품제조업
1071,"떡, 빵 및 과자류 제조업",107,"떡, 빵, 과자류 및 면류 제조업",10,식료품 제조업,C01,음식료품제조업
1072,면류 및 유사 식품 제조업,107,"떡, 빵, 과자류 및 면류 제조업",10,식료품 제조업,C01,음식료품제조업
1081,도시락 및 식사용 조리식품 제조업,108,기타 식료품 제조업,10,식료품 제조업,C01,음식료품제조업
1082,커피 및 차류 가공업,108,기타 식료품 제조업,10,식료품 제조업,C01,음식료품제조업
1083,인삼식품 및 건강보조식품 제조업,108,기타 식료품 제조업,10,식료품 제조업,C01,음식료품제조업
1089,그외 기타 식료품 제조업,108,기타 식료품 제조업,10,식료품 제조업,C01,음식료품제조업
1090,동물용 사료 및 조제식품 제조업,109,동물용 사료 및 조제식품 제조업,10,식료품 제조업,C01,음식료품제조업
1111,증류주 및 합성주 제조업,111,주류 제조업,11,음료 제조업,C01,음식료품제조업
1112,맥아 및 맥주 제조업,111,주류 제조업,11,음료 제조업,C01,음식료품제조업
1119,기타 발효주 제조업,111,주류 제조업,11,음료 제조업,C01,음식료품제조업
1120,비알콜음료 및 얼음 제조업,112,비알콜음료 및 얼음 제조업,11,음료 제조업,C01,음식료품제조업
1200,담배 제조업,120,담배 제조업,12,담배 제조업,C01,음식료품제조업
1311,방적 및 가공사 제조업,131,방적 및 직조제품 제조업,13,섬유제품 제조업,C02,섬유 및 가죽제품 제조업
1312,직물직조 및 직물제품 제조업,131,방적 및 직조제품 제조업,13,섬유제품 제조업,C02,섬유 및 가죽제품 제조업
1320,섬유제품 염색 및 마무리 가공업,132,섬유제품 염색 및 마무리 가공업,13,섬유제품 제조업,C02,섬유 및 가죽제품 제조업
1391,편조원단 제조업,139,기타 섬유제품 제조업,13,섬유제품 제조업,C02,섬유 및 가죽제품 제조업
1392,"끈, 로프, 어망 및 끈 가공품 제조업",139,기타 섬유제품 제조업,13,섬유제품 제조업,C02,섬유 및 가죽제품 제조업
1399,기타 섬유제품 제조업,139,기타 섬유제품 제조업,13,섬유제품 제조업,C02,섬유 및 가죽제품 제조업
1401,봉제의복 제조업,140,의복 제조업,14,의복 제조업,C02,섬유 및 가죽제품 제조업
1402,편조의복 제조업,140,의복 제조업,14,의복 제조업,C02,섬유 및 가죽제품 제조업
1409,기타의복 및 의복관련 장신품 제조업,140,의복 제조업,14,의복 제조업,C02,섬유 및 가죽제품 제조업
1501,"가죽, 가방 및 유사제품 제조업",150,가죽 및 가죽제품 제조업,15,가죽 및 가죽제품 제조업,C02,섬유 및 가죽제품 제조업
1502,신발 및 신발부분품 제조업,150,가죽 및 가죽제품 제조업,15,가죽 및 가죽제품 제조업,C02,섬유 및 가죽제품 제조업
1610,제재 및 목재 가공업,161,제재 및 목재 가공업,16,목재 및 목제품 제조업,C03,"목재, 종이, 인쇄 및 복제업"
1621,건축용 목제품 제조업,162,목제품 제조업(가구 제외),16,목재 및 목제품 제조업,C03,"목재, 종이, 인쇄 및 복제업"
1622,"목재 상자, 드럼 및 적재판 제조업",162,목제품 제조업(가구 제외),16,목재 및 목제품 제조업,C03,"목재, 종이, 인쇄 및 복제업"
1629,기타 목제품 제조업,162,목제품 제조업(가구 제외),16,목재 및 목제품 제조업,C03,"목재, 종이, 인쇄 및 복제업"
1711,펄프 제조업,171,"펄프, 종이 및 판지 제조업",17,펄프 및 종이제품 제조업,C03,"목재, 종이, 인쇄 및 복제업"
1712,"신문용지, 인쇄 및 필기용 원지 제조업",171,"펄프, 종이 및 판지 제조업",17,펄프 및 종이제품 제조업,C03,"목재, 종이, 인쇄 및 복제업"
1719,기타 종이 및 판지 제조업,171,"펄프, 종이 및 판지 제조업",17,펄프 및 종이제품 제조업,C03,"목재, 종이, 인쇄 및 복제업"
1721,골판지 및 골판지 상자 제조업,172,종이제품 제조업,17,펄프 및 종이제품 제조업,C03,"목재, 종이, 인쇄 및 복제업"
1722,위생용 종이제품 제조업,172,종이제품 제조업,17,펄프 및 종이제품 제조업,C03,"목재, 종이, 인쇄 및 복제업"
1729,기타 종이제품 제조업,172,종이제품 제조업,17,펄프 및 종이제품 제조업,C03,"목재, 종이, 인쇄 및 복제업"
1801,인쇄 및 인쇄관련 산업,180,인쇄 및 기록매체 복제업,18,인쇄 및 기록매체 복제업,C03,"목재, 종이, 인쇄 및 복제업"
1802,기록매체 복제업,180,인쇄 및 기록매체 복제업,18,인쇄 및 기록매체 복제업,C03,"목재, 종이, 인쇄 및 복제업"
1910,코크스 및 연탄 제조업,191,코크스 및 연탄 제조업,19,코크스 및 석유정제품 제조업,C04,코크스 및 석유정제품 제조업
1921,원유 정제 처리업,192,석유정제품 제조업,19,코크스 및 석유정제품 제조업,C04,코크스 및 석유정제품 제조업
1929,윤활유 및 기타 석유정제품 제조업,192,석유정제품 제조업,19,코크스 및 석유정제품 제조업,C04,코크스 및 석유정제품 제조업
2011,석유화학계 기초화학물질 제조업,201,기초유기화학물질 제조업,20,화학물질 및 화학제품 제조업,C05,화학물질 및 화학제품 제조업
2019,기타 기초유기화학물질 제조업,201,기초유기화학물질 제조업,20,화학물질 및 화학제품 제조업,C05,화학물질 및 화학제품 제조업
2021,산업용 가스 제조업,202,기초 무기화학물질 제조업,20,화학물질 및 화학제품 제조업,C05,화학물질 및 화학제품 제조업
2022,"무기안료, 염료, 유연제 및 기타 착색제 제조업",202,기초 무기화학물질 제조업,20,화학물질 및 화학제품 제조업,C05,화학물질 및 화학제품 제조업
2029,기타 기초 무기화학물질 제조업,202,기초 무기화학물질 제조업,20,화학물질 및 화학제품 제조업,C05,화학물질 및 화학제품 제조업
2030,비료 및 질소화합물 제조업,203,비료 및 질소화합물 제조업,20,화학물질 및 화학제품 제조업,C05,화학물질 및 화학제품 제조업
2041,합성고무 제조업,204,합성고무 및 플라스틱 물질 제조업,20,화학물질 및 화학제품 제조업,C05,화학물질 및 화학제품 제조업
2042,합성수지 및 기타 플라스틱 물질 제조업,204,합성고무 및 플라스틱 물질 제조업,20,화학물질 및 화학제품 제조업,C05,화학물질 및 화학제품 제조업
2050,화학섬유 제조업,205,화학섬유 제조업,20,화학물질 및 화학제품 제조업,C05,화학물질 및 화학제품 제조업
2060,농약 및 살균ㆍ살충제 제조업,206,농약 및 살균ㆍ살충제 제조업,20,화학물질 및 화학제품 제조업,C05,화학물질 및 화학제품 제조업
2070,"잉크, 페인트, 코팅제 및 유사제품 제조업",207,"잉크, 페인트, 코팅제 및 유사제품 제조업",20,화학물질 및 화학제품 제조업,C05,화학물질 및 화학제품 제조업
2081,화장품 제조업,208,"화장품, 세제 및 광택제 제조업",20,화학물질 및 화학제품 제조업,C05,화학물질 및 화학제품 제조업
2082,세제 및 광택제 제조업,208,"화장품, 세제 및 광택제 제조업",20,화학물질 및 화학제품 제조업,C05,화학물질 및 화학제품 제조업
2091,접착제 및 젤라틴 제조업,209,기타 화학제품 제조업,20,화학물질 및 화학제품 제조업,C05,화학물질 및 화학제품 제조업
2099,기타 화학제품 제조업,209,기타 화학제품 제조업,20,화학물질 및 화학제품 제조업,C05,화학물질 및 화학제품 제조업
2100,의료용 물질 및 의약품 제조업,210,의료용 물질 및 의약품 제조업,21,의료용 물질 및 의약품 제조업,C05,화학물질 및 화학제품 제조업
2210,고무 타이어 및 튜브 제조업,221,고무 타이어 및 튜브 제조업,22,고무 및 플라스틱 제조업,C05,화학물질 및 화학제품 제조업
2221,산업용 고무제품 제조업,222,산업용 및 기타 고무제품 제조업,22,고무 및 플라스틱 제조업,C05,화학물질 및 화학제품 제조업
2229,기타 고무제품 제조업,222,산업용 및 기타 고무제품 제조업,22,고무 및 플라스틱 제조업,C05,화학물질 및 화학제품 제조업
2230,플라스틱 1차제품 제조업,223,플라스틱 1차제품 제조업,22,고무 및 플라스틱 제조업,C05,화학물질 및 화학제품 제조업
2240,포장용 프라스틱제품 제조업,224,포장용 프라스틱제품 제조업,22,고무 및 플라스틱 제조업,C05,화학물질 및 화학제품 제조업
2250,조립용 프라스틱제품 제조업,225,조립용 프라스틱제품 제조업,22,고무 및 플라스틱 제조업,C05,화학물질 및 화학제품 제조업
2261,건축용 프라스틱제품 제조업,226,건축용 및 기타 프라스틱제품 제조업,22,고무 및 플라스틱 제조업,C05,화학물질 및 화학제품 제조업
2269,기타 프라스틱제품 제조업,226,건축용 및 기타 프라스틱제품 제조업,22,고무 및 플라스틱 제조업,C05,화학물질 및 화학제품 제조업
2311,판유리 및 판유리 가공품 제조업,231,유리 및 유리제품 제조업,23,비금속광물제품 제조업,C06,비금속광물제품 제조업
2312,산업용 유리제품 제조업,231,유리 및 유리제품 제조업,23,비금속광물제품 제조업,C06,비금속광물제품 제조업
2319,기타 유리제품 제조업,231,유리 및 유리제품 제조업,23,비금속광물제품 제조업,C06,비금속광물제품 제조업
2320,"내화, 비내화 요업제품 제조업",232,"내화, 비내화 요업제품 제조업",23,비금속광물제품 제조업,C06,비금속광물제품 제조업
2330,"시멘트, 석회 및 플라스터 제조업",233,"시멘트, 석회 및 플라스터 제조업",23,비금속광물제품 제조업,C06,비금속광물제품 제조업
2341,레미콘 및 비내화 모르타르 제조업,234,레미콘 및 콘크리트제품 제조업,23,비금속광물제품 제조업,C06,비금속광물제품 제조업
2342,"콘크리트, 시멘트 및 플라스터제품 제조업",234,레미콘 및 콘크리트제품 제조업,23,비금속광물제품 제조업,C06,비금속광물제품 제조업
2391,아스팔트 콘크리트 및 혼합제품 제조업,239,기타 비금속광물제품 제조업,23,비금속광물제품 제조업,C06,비금속광물제품 제조업
2392,석제품 제조업,239,기타 비금속광물제품 제조업,23,비금속광물제품 제조업,C06,비금속광물제품 제조업
2399,기타 비금속광물제품 제조업,239,기타 비금속광물제품 제조업,23,비금속광물제품 제조업,C06,비금속광물제품 제조업
2411,제철 및 제강업,241,"제철, 제강 및 합금철 제조업",24,1차금속 제조업,C07,1차금속 제조업
2412,합금철 및 기타 제철 및 제강업,241,"제철, 제강 및 합금철 제조업",24,1차금속 제조업,C07,1차금속 제조업
2421,열간 압연 및 압출제품 제조업,242,"철강 압연, 압출 및 연신제품 제조업",24,1차금속 제조업,C07,1차금속 제조업
2422,냉간 압연 및 압출제품 제조업,242,"철강 압연, 압출 및 연신제품 제조업",24,1차금속 제조업,C07,1차금속 제조업
2423,철강선 제조업,242,"철강 압연, 압출 및 연신제품 제조업",24,1차금속 제조업,C07,1차금속 제조업
2430,철강관 제조업,243,철강관 제조업,24,1차금속 제조업,C07,1차금속 제조업
2441,표면처리강재 제조업,244,기타 철강 1차제품 제조업,24,1차금속 제조업,C07,1차금속 제조업
2449,기타 철강 1차제품 제조업,244,기타 철강 1차제품 제조업,24,1차금속 제조업,C07,1차금속 제조업
2451,"동 제련, 정련 및 합금 제조업",245,"비철금속 제련, 정련 및 합금 제조업",24,1차금속 제조업,C07,1차금속 제조업
2452,"알루미늄 제련, 정련 및 합금 제조업",245,"비철금속 제련, 정련 및 합금 제조업",24,1차금속 제조업,C07,1차금속 제조업
2453,"연 및 아연 제련, 정련 및 합금 제조업",245,"비철금속 제련, 정련 및 합금 제조업",24,1차금속 제조업,C07,1차금속 제조업
2459,"기타 비철금속 제련, 정련 및 합금 제조업",245,"비철금속 제련, 정련 및 합금 제조업",24,1차금속 제조업,C07,1차금속 제조업
2461,"동 압연, 압출 및 연신제품 제조업",246,"비철금속  압연, 압출 및 연신제품 제조업",24,1차금속 제조업,C07,1차금속 제조업
2462,"알루미늄 압연, 압출 및 연신제품 제조업",246,"비철금속  압연, 압출 및 연신제품 제조업",24,1차금속 제조업,C07,1차금속 제조업
2469,"기타 비철금속 압연, 압출 및 연신제품 제조업",246,"비철금속  압연, 압출 및 연신제품 제조업",24,1차금속 제조업,C07,1차금속 제조업
2470,기타 비철금속 1차제품 제조업,247,기타 비철금속 1차제품 제조업,24,1차금속 제조업,C07,1차금속 제조업
2480,금속 주조업,248,금속 주조업,24,1차금속 제조업,C07,1차금속 제조업
2511,구조용 금속제품 제조업,251,"구조용 금속제품, 탱크 및 증기발생기 제조업",25,금속가공제품 제조업,C08,금속가공제품 제조업
2512,금속탱크 및 증기발생기 제조업,251,"구조용 금속제품, 탱크 및 증기발생기 제조업",25,금속가공제품 제조업,C08,금속가공제품 제조업
2521,금속 단조 및 분말야금제품 제조업,252,"금속 단조, 압형 및 분말야금제품 제조업",25,금속가공제품 제조업,C08,금속가공제품 제조업
2522,금속 압형제품 제조업,252,"금속 단조, 압형 및 분말야금제품 제조업",25,금속가공제품 제조업,C08,금속가공제품 제조업
2530,"금속 열처리, 도금 및 기타 금속가공업",253,"금속 열처리, 도금 및 기타 금속가공업",25,금속가공제품 제조업,C08,금속가공제품 제조업
2591,"날붙이, 수공구 및 일반철물 제조업",259,기타 금속가공제품 제조업,25,금속가공제품 제조업,C08,금속가공제품 제조업
2592,"금속파스너, 스프링 및 금속선 가공제품 제조업",259,기타 금속가공제품 제조업,25,금속가공제품 제조업,C08,금속가공제품 제조업
2593,금속캔 및 기타 포장 용기 제조업,259,기타 금속가공제품 제조업,25,금속가공제품 제조업,C08,금속가공제품 제조업
2599,기타 금속가공제품 제조업,259,기타 금속가공제품 제조업,25,금속가공제품 제조업,C08,금속가공제품 제조업
2611,전자집적회로 제조업,261,반도체 제조업,26,"컴퓨터, 전자 및 광학기기 제조업",C09,"컴퓨터, 전자 및 광학기기 제조업"
2612,"다이오드, 트랜지스터 및 유사반도체소자 제조업",261,반도체 제조업,26,"컴퓨터, 전자 및 광학기기 제조업",C09,"컴퓨터, 전자 및 광학기기 제조업"
2621,액정 표시장치 제조업,262,전자표시장치 제조업,26,"컴퓨터, 전자 및 광학기기 제조업",C09,"컴퓨터, 전자 및 광학기기 제조업"
2629,기타 전자표시장치 제조업,262,전자표시장치 제조업,26,"컴퓨터, 전자 및 광학기기 제조업",C09,"컴퓨터, 전자 및 광학기기 제조업"
2630,인쇄회로기판 및 전자부품 실장기판 제조업,263,인쇄회로기판 및 전자부품 실장기판 제조업,26,"컴퓨터, 전자 및 광학기기 제조업",C09,"컴퓨터, 전자 및 광학기기 제조업"
2640,기타 전자부품 제조업,264,기타 전자부품 제조업,26,"컴퓨터, 전자 및 광학기기 제조업",C09,"컴퓨터, 전자 및 광학기기 제조업"
2651,컴퓨터 제조업,265,컴퓨터 및 주변장치 제조업,26,"컴퓨터, 전자 및 광학기기 제조업",C09,"컴퓨터, 전자 및 광학기기 제조업"
2652,기억장치 제조업,265,컴퓨터 및 주변장치 제조업,26,"컴퓨터, 전자 및 광학기기 제조업",C09,"컴퓨터, 전자 및 광학기기 제조업"
2659,기타 컴퓨터 주변기기 제조업,265,컴퓨터 및 주변장치 제조업,26,"컴퓨터, 전자 및 광학기기 제조업",C09,"컴퓨터, 전자 및 광학기기 제조업"
2661,유선 통신장비 제조업,266,통신 및 방송장비 제조업,26,"컴퓨터, 전자 및 광학기기 제조업",C09,"컴퓨터, 전자 및 광학기기 제조업"
2662,이동전화기 제조업,266,통신 및 방송장비 제조업,26,"컴퓨터, 전자 및 광학기기 제조업",C09,"컴퓨터, 전자 및 광학기기 제조업"
2669,방송장비 및 기타 무선 통신장비 제조업,266,통신 및 방송장비 제조업,26,"컴퓨터, 전자 및 광학기기 제조업",C09,"컴퓨터, 전자 및 광학기기 제조업"
2671,텔레비전 제조업,267,영상 및 음향기기 제조업,26,"컴퓨터, 전자 및 광학기기 제조업",C09,"컴퓨터, 전자 및 광학기기 제조업"
2672,비디오 및 기타 영상기기 제조업,267,영상 및 음향기기 제조업,26,"컴퓨터, 전자 및 광학기기 제조업",C09,"컴퓨터, 전자 및 광학기기 제조업"
2673,"오디오, 스피커 및 기타 음향기기 제조업",267,영상 및 음향기기 제조업,26,"컴퓨터, 전자 및 광학기기 제조업",C09,"컴퓨터, 전자 및 광학기기 제조업"
2681,의료용 기기 제조업,268,의료 및 측정기기 제조업,26,"컴퓨터, 전자 및 광학기기 제조업",C09,"컴퓨터, 전자 및 광학기기 제조업"
2682,"측정, 시험, 항해, 제어기기 제조업",268,의료 및 측정기기 제조업,26,"컴퓨터, 전자 및 광학기기 제조업",C09,"컴퓨터, 전자 및 광학기기 제조업"
2691,사진장비 및 광학기기 제조업,269,기타 정밀기기 제조업,26,"컴퓨터, 전자 및 광학기기 제조업",C09,"컴퓨터, 전자 및 광학기기 제조업"
2699,기타 정밀기기 제조업,269,기타 정밀기기 제조업,26,"컴퓨터, 전자 및 광학기기 제조업",C09,"컴퓨터, 전자 및 광학기기 제조업"
2710,전동기 및 발전기 제조업,271,전동기 및 발전기 제조업,27,전기장비 제조업,C10,전기장비 제조업
2721,전기 변환장치 제조업,272,"전기 변환, 공급, 제어장치 제조업",27,전기장비 제조업,C10,전기장비 제조업
2722,전기 공급 및 제어장치 제조업,272,"전기 변환, 공급, 제어장치 제조업",27,전기장비 제조업,C10,전기장비 제조업
2730,일차전지 및 축전지 제조업,273,일차전지 및 축전지 제조업,27,전기장비 제조업,C10,전기장비 제조업
2740,절연선 및 케이블 제조업,274,절연선 및 케이블 제조업,27,전기장비 제조업,C10,전기장비 제조업
2750,가정용 기기 제조업,275,가정용 기기 제조업,27,전기장비 제조업,C10,전기장비 제조업
2791,전구 및 조명장치 제조업,279,기타 전기장비 제조업,27,전기장비 제조업,C10,전기장비 제조업
2799,기타 전기장비 제조업,279,기타 전기장비 제조업,27,전기장비 제조업,C10,전기장비 제조업
2810,내연기관 및 터빈 제조업,281,내연기관 및 터빈 제조업,28,기계 및 장비 제조업,C11,기계 및 장비 제조업
2820,"유압기기, 펌프 및 압축기 제조업",282,"유압기기, 펌프 및 압축기 제조업",28,기계 및 장비 제조업,C11,기계 및 장비 제조업
2830,"산업용 트럭, 승강기 및 물품취급장비 제조업",283,"산업용 트럭, 승강기 및 물품취급장비 제조업",28,기계 및 장비 제조업,C11,기계 및 장비 제조업
2841,"산업용 냉장, 냉동 및 공기 조화장치 제조업",284,"냉각, 공기조화, 여과, 증류 및 가스발생기 제조업",28,기계 및 장비 제조업,C11,기계 및 장비 제조업
2842,"여과기, 증류 및 가스발생기 제조업",284,"냉각, 공기조화, 여과, 증류 및 가스발생기 제조업",28,기계 및 장비 제조업,C11,기계 및 장비 제조업
2851,"베어링, 기어 및 동력전달장치 제조업",285,기타 일반 목적용 기계 제조업,28,기계 및 장비 제조업,C11,기계 및 장비 제조업
2852,사무용 기계 및 장비 제조업,285,기타 일반 목적용 기계 제조업,28,기계 및 장비 제조업,C11,기계 및 장비 제조업
2859,기타 일반 목적용 기계 제조업,285,기타 일반 목적용 기계 제조업,28,기계 및 장비 제조업,C11,기계 및 장비 제조업
2861,농업 및 임업용 기계 제조업,286,농업 및 건설용 기계 제조업,28,기계 및 장비 제조업,C11,기계 및 장비 제조업
2862,건설 및 광업용 기계장비 제조업,286,농업 및 건설용 기계 제조업,28,기계 및 장비 제조업,C11,기계 및 장비 제조업
2870,"가공 공작, 금속 주조 및 야금용 기계 제조업",287,"가공 공작, 금속 주조 및 야금용 기계 제조업",28,기계 및 장비 제조업,C11,기계 및 장비 제조업
2881,반도체 제조용 기계 제조업,288,반도체 및 디스플레이 제조용 기계 제조업,28,기계 및 장비 제조업,C11,기계 및 장비 제조업
2882,평판디스플레이 제조용 기계 제조업,288,반도체 및 디스플레이 제조용 기계 제조업,28,기계 및 장비 제조업,C11,기계 및 장비 제조업
2891,음ㆍ식료품 및 담배 가공기계 제조업,289,기타 특수목적용 기계 제조업,28,기계 및 장비 제조업,C11,기계 및 장비 제조업
2892,"섬유, 의복 및 가죽 가공기계 제조업",289,기타 특수목적용 기계 제조업,28,기계 및 장비 제조업,C11,기계 및 장비 제조업
2893,산업용 로봇 제조업,289,기타 특수목적용 기계 제조업,28,기계 및 장비 제조업,C11,기계 및 장비 제조업
2894,"고무, 화학섬유 및 플라스틱 성형기 제조업",289,기타 특수목적용 기계 제조업,28,기계 및 장비 제조업,C11,기계 및 장비 제조업
2895,주형 및 금형 제조업,289,기타 특수목적용 기계 제조업,28,기계 및 장비 제조업,C11,기계 및 장비 제조업
2899,기타 특수목적용 기계 제조업,289,기타 특수목적용 기계 제조업,28,기계 및 장비 제조업,C11,기계 및 장비 제조업
2911,승용차 및 기타 여객용 자동차 제조업,291,자동차용 엔진 및 자동차 제조업,29,자동차 및 트레일러 제조업,C12,운송장비 제조업
2912,화물자동차 및 특수 목적용 자동차 제조업,291,자동차용 엔진 및 자동차 제조업,29,자동차 및 트레일러 제조업,C12,운송장비 제조업
2913,자동차용 엔진 제조업,291,자동차용 엔진 및 자동차 제조업,29,자동차 및 트레일러 제조업,C12,운송장비 제조업
2921,차체 및 특장차 제조업,292,자동차 차체 및 트레일러 제조업,29,자동차 및 트레일러 제조업,C12,운송장비 제조업
2922,트레일러 및 세미트레일러 제조업,292,자동차 차체 및 트레일러 제조업,29,자동차 및 트레일러 제조업,C12,운송장비 제조업
2930,자동차 부품 제조업,293,자동차 부품 제조업,29,자동차 및 트레일러 제조업,C12,운송장비 제조업
3011,강선 건조업,301,선박 및 보트 건조업,30,선박 및 보트 건조업,C12,운송장비 제조업
3012,기타 선박 건조업,301,선박 및 보트 건조업,30,선박 및 보트 건조업,C12,운송장비 제조업
3013,선박 구성 부분품 제조업,301,선박 및 보트 건조업,30,선박 및 보트 건조업,C12,운송장비 제조업
3110,철도장비 제조업,311,철도장비 제조업,31,기타 운송장비 제조업,C12,운송장비 제조업
3120,"항공기, 우주선 및 부품 제조업",312,"항공기, 우주선 및 부품 제조업",31,기타 운송장비 제조업,C12,운송장비 제조업
3190,기타 운송장비 제조업,319,기타 운송장비 제조업,31,기타 운송장비 제조업,C12,운송장비 제조업
3201,목재 가구 제조업,320,가구 제조업,32,가구 제조업,C13,기타 제조업 및 산업용 장비 수리업
3202,금속 가구 제조업,320,가구 제조업,32,가구 제조업,C13,기타 제조업 및 산업용 장비 수리업
3209,기타 가구 제조업,320,가구 제조업,32,가구 제조업,C13,기타 제조업 및 산업용 장비 수리업
3301,"인형, 장난감 및 오락용품 제조업",330,기타 제조업,33,기타 제조업,C13,기타 제조업 및 산업용 장비 수리업
3302,운동 및 경기용구 제조업,330,기타 제조업,33,기타 제조업,C13,기타 제조업 및 산업용 장비 수리업
3303,악기 제조업,330,기타 제조업,33,기타 제조업,C13,기타 제조업 및 산업용 장비 수리업
3304,귀금속 및 장신용품 제조업,330,기타 제조업,33,기타 제조업,C13,기타 제조업 및 산업용 장비 수리업
3309,기타 제조업,330,기타 제조업,33,기타 제조업,C13,기타 제조업 및 산업용 장비 수리업
3400,산업용 기계 및 장비 수리업,340,산업용 기계 및 장비 수리업,34,산업용 기계 및 장비 수리업,C13,기타 제조업 및 산업용 장비 수리업
3510,전기업,351,전기업,35,"전기, 가스, 증기 및 공기조절 공급업",D,"전기, 가스, 증기 및 공기조절 공급업"
3520,연료용 가스 제조 및 배관공급업,352,연료용 가스 제조 및 배관공급업,35,"전기, 가스, 증기 및 공기조절 공급업",D,"전기, 가스, 증기 및 공기조절 공급업"
3530,"증기, 냉․온수 및 공기조절 공급업",353,"증기, 냉․온수 및 공기조절 공급업",35,"전기, 가스, 증기 및 공기조절 공급업",D,"전기, 가스, 증기 및 공기조절 공급업"
3600,수도업,360,수도업,36,수도업,E,"수도, 하수 및 폐기물 처리, 원료 재생업"
3700,"하수, 폐수 및 분뇨 처리업",370,"하수, 폐수 및 분뇨 처리업",37,"하수, 폐수 및 분뇨 처리업",E,"수도, 하수 및 폐기물 처리, 원료 재생업"
3800,"폐기물 수집, 운반, 처리 및 원료 재생업",380,"폐기물 수집, 운반, 처리 및 원료 재생업",38,"폐기물 수집, 운반, 처리 및 원료 재생업",E,"수도, 하수 및 폐기물 처리, 원료 재생업"
3900,환경 정화 및 복원업,390,환경 정화 및 복원업,39,환경 정화 및 복원업,E,"수도, 하수 및 폐기물 처리, 원료 재생업"
4110,주거용 건물 건설업,411,주거용 건물 건설업,41,건물건설 및 건축보수업,F,건설업
4120,비주거용 건물 건설업,412,비주거용 건물 건설업,41,건물건설 및 건축보수업,F,건설업
4130,건축보수업,413,건축보수업,41,건물건설 및 건축보수업,F,건설업
4211,도로시설 건설업,421,교통시설 건설업,42,토목 건설업,F,건설업
4212,철도시설 건설업,421,교통시설 건설업,42,토목 건설업,F,건설업
4213,항만시설 건설업,421,교통시설 건설업,42,토목 건설업,F,건설업
4221,하천사방 건설업,422,일반토목시설 건설업,42,토목 건설업,F,건설업
4222,상하수도시설 건설업,422,일반토목시설 건설업,42,토목 건설업,F,건설업
4223,농림수산토목 건설업,422,일반토목시설 건설업,42,토목 건설업,F,건설업
4224,도시토목 건설업,422,일반토목시설 건설업,42,토목 건설업,F,건설업
4231,환경정화시설 건설업,423,산업시설 건설업,42,토목 건설업,F,건설업
4232,발전소 시설 건설업,423,산업시설 건설업,42,토목 건설업,F,건설업
4233,산업플랜트 건설업,423,산업시설 건설업,42,토목 건설업,F,건설업
4290,기타 건설업,429,기타 건설업,42,토목 건설업,F,건설업
4510,도소매업,451,도소매업,45,도소매업,G,도소매업
4910,철도 운송업,491,철도 운송업,49,육상 운송업,H,운수업
4921,도로 여객 운송업,492,도로 운송업,49,육상 운송업,H,운수업
4922,도로 화물 운송업,492,도로 운송업,49,육상 운송업,H,운수업
5010,외항 운송업,501,외항 운송업,50,수상 운송업,H,운수업
5020,연안 및 내륙수상 운송업,502,연안 및 내륙수상 운송업,50,수상 운송업,H,운수업
5100,항공 운송업,510,항공 운송업,51,항공 운송업,H,운수업
5211,육상 운송지원 서비스업,521,운송 관련 서비스업,52,창고 및 운송 관련 서비스업,H,운수업
5212,수상 운송지원 서비스업,521,운송 관련 서비스업,52,창고 및 운송 관련 서비스업,H,운수업
5213,항공 운송지원 서비스업,521,운송 관련 서비스업,52,창고 및 운송 관련 서비스업,H,운수업
5220,화물 취급업,522,화물 취급업,52,창고 및 운송 관련 서비스업,H,운수업
5230,보관 및 창고업,523,보관 및 창고업,52,창고 및 운송 관련 서비스업,H,운수업
5290,기타 운송 관련 서비스업,529,기타 운송 관련 서비스업,52,창고 및 운송 관련 서비스업,H,운수업
5310,우편업,531,우편업,53,우편 및 택배업,H,운수업
5320,택배 및 늘찬 배달업,532,택배 및 늘찬 배달업,53,우편 및 택배업,H,운수업
5500,숙박업,550,숙박업,55,숙박업,I,숙박 및 음식점업
5601,음식점업,560,음식점 및 주점업,56,음식점 및 주점업,I,숙박 및 음식점업
5602,주점 및 비알코올 음료점업,560,음식점 및 주점업,56,음식점 및 주점업,I,숙박 및 음식점업
5811,신문 발행업,581,"신문, 서적, 잡지 및 기타 인쇄물 출판업",58,"출판, 소프트웨어 개발 및 공급업",J,정보통신업
5812,"서적, 잡지 및 기타 인쇄물 출판업",581,"신문, 서적, 잡지 및 기타 인쇄물 출판업",58,"출판, 소프트웨어 개발 및 공급업",J,정보통신업
5820,소프트웨어 개발 및 공급업,582,소프트웨어 개발 및 공급업,58,"출판, 소프트웨어 개발 및 공급업",J,정보통신업
5901,"영상, 오디오 기록물 제작 및 배급업",590,"영상, 오디오 기록물 제작 및 관련 서비스업",59,"영상, 오디오 기록물 제작 및 관련 서비스업",J,정보통신업
5902,영화 및 비디오물 상영업,590,"영상, 오디오 기록물 제작 및 관련 서비스업",59,"영상, 오디오 기록물 제작 및 관련 서비스업",J,정보통신업
6001,지상파 방송업,600,방송업,60,방송업,J,정보통신업
6002,"유선, 위성 및 기타 방송업",600,방송업,60,방송업,J,정보통신업
6111,유선통신업,611,"유, 무선 및 위성 통신업",61,통신업,J,정보통신업
6112,무선 및 위성 통신업,611,"유, 무선 및 위성 통신업",61,통신업,J,정보통신업
6190,기타 통신업,619,기타 통신업,61,통신업,J,정보통신업
6200,"컴퓨터 프로그래밍, 시스템 통합 및 관리업",620,"컴퓨터 프로그래밍, 시스템 통합 및 관리업",62,"컴퓨터 프로그래밍, 시스템 통합 및 관리업",J,정보통신업
6300,정보서비스업,630,정보서비스업,63,정보서비스업,J,정보통신업
6410,중앙은행 및 예금취급 기관,641,중앙은행 및 예금취급 기관,64,금융업,K,금융 및 보험업
6490,기타 금융기관,649,기타 금융기관,64,금융업,K,금융 및 보험업
6500,보험업,650,보험업,65,보험업,K,금융 및 보험업
6600,금융 및 보험 관련 서비스업,660,금융 및 보험 관련 서비스업,66,금융 및 보험 관련 서비스업,K,금융 및 보험업
6810,주거용 건물 임대업,681,주거용 건물 임대업,68,부동산업,L,부동산업
6821,기타 부동산 임대업,682,"기타 부동산 임대 및 개발, 공급업",68,부동산업,L,부동산업
6822,부동산 개발 및 공급업,682,"기타 부동산 임대 및 개발, 공급업",68,부동산업,L,부동산업
6830,부동산 관련 서비스업,683,부동산 관련 서비스업,68,부동산업,L,부동산업
6910,법률 및 회계 서비스업,691,법률 및 회계 서비스업,69,사업관련 전문서비스업,M,"전문, 과학 및 기술 관련 서비스업"
6920,회사본부 및 경영컨설팅,692,회사본부 및 경영컨설팅,69,사업관련 전문서비스업,M,"전문, 과학 및 기술 관련 서비스업"
6930,광고업,693,광고업,69,사업관련 전문서비스업,M,"전문, 과학 및 기술 관련 서비스업"
7011,건축 및 과학 기술 관련 전문서비스업,701,건축 및 과학 기술 관련 전문서비스업,70,건축 및 과학 기술 관련 전문서비스업,M,"전문, 과학 및 기술 관련 서비스업"
7012,광업 지원 서비스업,701,건축 및 과학 기술 관련 전문서비스업,70,건축 및 과학 기술 관련 전문서비스업,M,"전문, 과학 및 기술 관련 서비스업"
7100,연구개발업,710,연구개발업,71,연구개발업,M,"전문, 과학 및 기술 관련 서비스업"
7200,"기타 전문, 과학 및 기술 서비스업",720,"기타 전문, 과학 및 기술 서비스업",72,"기타 전문, 과학 및 기술 서비스업",M,"전문, 과학 및 기술 관련 서비스업"
7700,장비 및 용품 임대업,770,장비 및 용품 임대업,77,장비 및 용품 임대업,N,사업 지원 서비스업
7800,고용알선 및 인력공급업,780,고용알선 및 인력공급업,78,고용알선 및 인력공급업,N,사업 지원 서비스업
7900,사업시설 관리 및 조경 서비스업,790,사업시설 관리 및 조경 서비스업,79,사업시설 관리 및 조경 서비스업,N,사업 지원 서비스업
8000,기타 사업지원 서비스업,800,기타 사업지원 서비스업,80,기타 사업지원 서비스업,N,사업 지원 서비스업
8210,"공공행정, 국방",821,"공공행정, 국방",82,"공공행정, 국방 및 사회보장",O,"공공행정, 국방 및 사회보장"
8220,사회보장 보험,822,사회보장 보험,82,"공공행정, 국방 및 사회보장",O,"공공행정, 국방 및 사회보장"
8400,교육서비스업,840,교육서비스업,84,교육서비스업,P,교육서비스업
8500,의료 및 보건업,850,의료 및 보건업,85,의료 및 보건업,Q,"의료, 보건업 및 사회복지서비스업"
8600,사회복지서비스업,860,사회복지서비스업,86,사회복지서비스업,Q,"의료, 보건업 및 사회복지서비스업"
8800,"창작, 예술 및 오락관련 서비스업",880,"창작, 예술 및 오락관련 서비스업",88,"창작, 예술 및 오락관련 서비스업",R,"예술, 스포츠 및 여가관련 서비스업"
8900,"도서관, 사적지 및 기타 문화관련 서비스업",890,"도서관, 사적지 및 기타 문화관련 서비스업",89,"도서관, 사적지 및 기타 문화관련 서비스업",R,"예술, 스포츠 및 여가관련 서비스업"
9000,사행시설 관리 및 운영업,900,사행시설 관리 및 운영업,90,사행시설 관리 및 운영업,R,"예술, 스포츠 및 여가관련 서비스업"
9101,스포츠 서비스업,910,스포츠 및 오락관련 서비스업,91,스포츠 및 오락관련 서비스업,R,"예술, 스포츠 및 여가관련 서비스업"
9102,유원지 및 기타 오락관련 서비스업,910,스포츠 및 오락관련 서비스업,91,스포츠 및 오락관련 서비스업,R,"예술, 스포츠 및 여가관련 서비스업"
9200,여행사 및 기타 여행보조 서비스업,920,여행사 및 기타 여행보조 서비스업,92,여행사 및 기타 여행보조 서비스업,R,"예술, 스포츠 및 여가관련 서비스업"
9301,산업 및 전문가 단체,930,협회 및 단체,93,협회 및 단체,S,기타 서비스업
9309,기타 협회 및 사회 단체,930,협회 및 단체,93,협회 및 단체,S,기타 서비스업
9410,개인 및 소비용품 수리업,941,개인 및 소비용품 수리업,94,자동차 및 소비용품 수리업,S,기타 서비스업
9420,자동차 수리 및 세차업,942,자동차 수리 및 세차업,94,자동차 및 소비용품 수리업,S,기타 서비스업
9500,기타 개인 서비스업,950,기타 개인 서비스업,95,기타 개인 서비스업,S,기타 서비스업
9700,가구 내 고용 및 미분류 자가소비 생산 활동,970,가구 내 고용 및 미분류 자가소비 생산 활동,97,가구 내 고용 및 미분류 자가소비 생산 활동,T,가구 내 고용 및 미분류 자가소비 생산 활동
9090,중간수요계,9090,중간수요계,9090,중간수요계,9090,중간수요계
9111,민간소비지출(가계 및 가계봉사 비영리단체),9111,민간소비지출(가계 및 가계봉사 비영리단체),9111,민간소비지출(가계 및 가계봉사 비영리단체),9111,민간소비지출(가계 및 가계봉사 비영리단체)
9112,정부소비지출,9112,정부소비지출,9112,정부소비지출,9112,정부소비지출
9121,민간고정자본형성,9121,민간고정자본형성,9121,민간고정자본형성,9121,민간고정자본형성
9122,정부고정자본형성,9122,정부고정자본형성,9122,정부고정자본형성,9122,정부고정자본형성
9131,재고증감,9131,재고증감,9131,재고증감,9131,재고증감
9132,귀중품순취득,9132,귀중품순취득,9132,귀중품순취득,9132,귀중품순취득
9140,수출,9140,수출,9140,수출,9140,수출
9190,최종수요계,9190,최종수요계,9190,최종수요계,9190,최종수요계
9290,총수요계,9290,총수요계,9290,총수요계,9290,총수요계
9310,"총산출(상품별, 기초가격)",9310,"총산출(상품별, 기초가격)",9310,"총산출(상품별, 기초가격)",9310,"총산출(상품별, 기초가격)"
9311,수입(기초가격),9311,수입(기초가격),9311,수입(기초가격),9311,수입(기초가격)
9319,총공급계(기초가격),9319,총공급계(기초가격),9319,총공급계(기초가격),9319,총공급계(기초가격)
9321,순생산물세(국산),9321,순생산물세(국산),9321,순생산물세(국산),9321,순생산물세(국산)
9322,생산물세(수입),9322,생산물세(수입),9322,생산물세(수입),9322,생산물세(수입)
9331,도소매마진,9331,도소매마진,9331,도소매마진,9331,도소매마진
9332,화물운임,9332,화물운임,9332,화물운임,9332,화물운임
9359,가격전환계,9359,가격전환계,9359,가격전환계,9359,가격전환계
9390,총공급계(구매자가격),9390,총공급계(구매자가격),9390,총공급계(구매자가격),9390,총공급계(구매자가격)
9509,"총산출(산업별, 기초가격)",9509,"총산출(산업별, 기초가격)",9509,"총산출(산업별, 기초가격)",9509,"총산출(산업별, 기초가격)"
9590,중간투입계,9590,중간투입계,9590,중간투입계,9590,중간투입계
9610,피용자보수,9610,피용자보수,9610,피용자보수,9610,피용자보수
9621,영업잉여,9621,영업잉여,9621,영업잉여,9621,영업잉여
9622,고정자본소모,9622,고정자본소모,9622,고정자본소모,9622,고정자본소모
9630,기타생산세(보조금공제) / 생산세(보조금공제),9630,기타생산세(보조금공제) / 생산세(보조금공제),9630,기타생산세(보조금공제) / 생산세(보조금공제),9630,기타생산세(보조금공제) / 생산세(보조금공제)
9690,부가가치계,9690,부가가치계,9690,부가가치계,9690,부가가치계
9790,총투입계,9790,총투입계,9790,총투입계,9790,총투입계
