io_code,io_name,ksic_code
0111,벼,01110
0112,맥류 및 잡곡,01110
0113,콩류,01110
0113,콩류,01140
0114,감자류,01110
0114,감자류,01140
0121,채소,01121
0121,채소,01132
0121,채소,01151
0121,채소,01152
0121,채소,01159
0122,과실,01131
0122,과실,01152
0191,화훼작물,01122
0191,화훼작물,01152
0192,약용작물,01140
0192,약용작물,02030
0193,잎담배,01140
0194,천연고무,01140
0195,종자,01123
0196,기타식용작물,01132
0196,기타식용작물,01140
0199,기타 비식용작물,01140
0211,낙농,01211
0212,축우,01212
0291,양돈,01220
0292,가금,01231
0292,가금,01239
0299,기타축산,01291
0299,기타축산,01299
0301,영림,02011
0301,영림,02012
0302,원목,02020
0303,식용 임산물,02030
0309,기타 임산물,02020
0309,기타 임산물,02030
0401,수산어획,03111
0401,수산어획,03112
0401,수산어획,03120
0402,수산양식,03211
0402,수산양식,03212
0402,수산양식,03213
0500,농림어업 서비스,01411
0500,농림어업 서비스,01412
0500,농림어업 서비스,01420
0500,농림어업 서비스,02040
0500,농림어업 서비스,03213
0500,농림어업 서비스,03220
0500,농림어업 서비스,01500
0611,무연탄,05100101
0612,유연탄,05100109
0621,원유,05200101
0622,천연가스(LNG),05200102
0711,철광석,06100100
0719,기타 비철금속광석,06200100
0719,기타 비철금속광석,06200200
0719,기타 비철금속광석,06200300
0719,기타 비철금속광석,06200800
0721,골재 및 석재,07121101
0721,골재 및 석재,07121200
0721,골재 및 석재,07122101
0721,골재 및 석재,07122102
0722,석회석,07110100
0722,석회석,07121102
0729,기타 비금속광물,07110201
0729,기타 비금속광물,07110209
0729,기타 비금속광물,07122200
0729,기타 비금속광물,07210101
0729,기타 비금속광물,07210109
0729,기타 비금속광물,07220100
0729,기타 비금속광물,07290101
0729,기타 비금속광물,07290102
0729,기타 비금속광물,07290109
0811,도축육,10111101
0811,도축육,10111102
0811,도축육,10111109
0811,도축육,10111901
0811,도축육,10111902
0811,도축육,10122101
0812,가금육,10112101
0812,가금육,10112102
0812,가금육,10112109
0812,가금육,10112900
0812,가금육,10121102
0813,육가공품,10121101
0813,육가공품,10121109
0813,육가공품,10129101
0813,육가공품,10129102
0813,육가공품,10129103
0813,육가공품,10129104
0813,육가공품,10129105
0813,육가공품,10129109
0814,낙농품,10501101
0814,낙농품,10501102
0814,낙농품,10501103
0814,낙농품,10501104
0814,낙농품,10501105
0814,낙농품,10501106
0814,낙농품,10501107
0814,낙농품,10501109
0814,낙농품,10502101
0814,낙농품,10502102
0821,수산물 가공품,10211101
0821,수산물 가공품,10211102
0821,수산물 가공품,10211103
0821,수산물 가공품,10211104
0821,수산물 가공품,10211109
0821,수산물 가공품,10211199
0821,수산물 가공품,10211201
0821,수산물 가공품,10211202
0821,수산물 가공품,10211203
0821,수산물 가공품,10211204
0821,수산물 가공품,10211205
0821,수산물 가공품,10211209
0821,수산물 가공품,10219100
0821,수산물 가공품,10219809
0821,수산물 가공품,10219900
0821,수산물 가공품,10220101
0821,수산물 가공품,10220102
0821,수산물 가공품,10220103
0821,수산물 가공품,10220109
0822,수산동물 저장품,10212101
0822,수산동물 저장품,10212102
0822,수산동물 저장품,10212103
0822,수산동물 저장품,10212104
0822,수산동물 저장품,10212109
0822,수산동물 저장품,10212119
0822,수산동물 저장품,10212199
0822,수산동물 저장품,10212201
0822,수산동물 저장품,10212202
0822,수산동물 저장품,10212209
0822,수산동물 저장품,10212210
0822,수산동물 저장품,10213101
0822,수산동물 저장품,10213102
0822,수산동물 저장품,10213103
0822,수산동물 저장품,10213109
0822,수산동물 저장품,10213201
0822,수산동물 저장품,10213202
0831,정곡,10611101
0831,정곡,10611102
0831,정곡,10611109
0831,정곡,10611900
0832,제분,10612101
0832,제분,10612102
0832,제분,10612103
0832,제분,10612109
0832,제분,10612901
0832,제분,10612902
0832,제분,10613100
0841,원당,10720101
0842,정제당,10720102
0843,전분 및 당류,10620101
0843,전분 및 당류,10620102
0843,전분 및 당류,10620103
0843,전분 및 당류,10620109
0843,전분 및 당류,10620201
0843,전분 및 당류,10620202
0843,전분 및 당류,10620203
0843,전분 및 당류,10620209
0851,"떡, 빵 및 과자류",10711100
0851,"떡, 빵 및 과자류",10711200
0851,"떡, 빵 및 과자류",10712101
0851,"떡, 빵 및 과자류",10712102
0851,"떡, 빵 및 과자류",10712103
0851,"떡, 빵 및 과자류",10712109
0851,"떡, 빵 및 과자류",10712110
0851,"떡, 빵 및 과자류",10713101
0851,"떡, 빵 및 과자류",10713102
0851,"떡, 빵 및 과자류",10713103
0851,"떡, 빵 및 과자류",10713104
0851,"떡, 빵 및 과자류",10713201
0851,"떡, 빵 및 과자류",10713202
0851,"떡, 빵 및 과자류",10713203
0851,"떡, 빵 및 과자류",10713209
0852,면류,10730101
0852,면류,10730102
0852,면류,10730103
0852,면류,10730109
0852,면류,10730201
0852,면류,10730209
0861,조미료 및 첨가용식품,10741101
0861,조미료 및 첨가용식품,10741102
0861,조미료 및 첨가용식품,10741103
0861,조미료 및 첨가용식품,10741104
0861,조미료 및 첨가용식품,10742101
0861,조미료 및 첨가용식품,10742102
0861,조미료 및 첨가용식품,10742103
0861,조미료 및 첨가용식품,10742109
0861,조미료 및 첨가용식품,10742201
0861,조미료 및 첨가용식품,10742202
0861,조미료 및 첨가용식품,10742203
0861,조미료 및 첨가용식품,10742209
0861,조미료 및 첨가용식품,10743101
0861,조미료 및 첨가용식품,10743102
0861,조미료 및 첨가용식품,10743103
0861,조미료 및 첨가용식품,10743104
0861,조미료 및 첨가용식품,10743105
0861,조미료 및 첨가용식품,10743106
0861,조미료 및 첨가용식품,10743109
0861,조미료 및 첨가용식품,10749101
0861,조미료 및 첨가용식품,10749102
0861,조미료 및 첨가용식품,10749103
0861,조미료 및 첨가용식품,10749105
0861,조미료 및 첨가용식품,10749109
0862,유지,10219801
0862,유지,10401101
0862,유지,10401102
0862,유지,10401200
0862,유지,10401900
0862,유지,10402101
0862,유지,10402102
0862,유지,10402103
0862,유지,10402104
0862,유지,10402109
0862,유지,10402901
0862,유지,10402909
0862,유지,10403101
0862,유지,10403102
0862,유지,10403103
0862,유지,10403104
0862,유지,10403105
0862,유지,10403109
0871,과실 및 채소 가공품,10301100
0871,과실 및 채소 가공품,10302101
0871,과실 및 채소 가공품,10302109
0871,과실 및 채소 가공품,10309101
0871,과실 및 채소 가공품,10309102
0871,과실 및 채소 가공품,10309103
0871,과실 및 채소 가공품,10309104
0871,과실 및 채소 가공품,10309105
0871,과실 및 채소 가공품,10309201
0871,과실 및 채소 가공품,10309202
0871,과실 및 채소 가공품,10309203
0871,과실 및 채소 가공품,10309209
0871,과실 및 채소 가공품,10309301
0871,과실 및 채소 가공품,10309302
0871,과실 및 채소 가공품,10309309
0871,과실 및 채소 가공품,10309400
0871,과실 및 채소 가공품,10793103
0872,커피 및 차류,10791101
0872,커피 및 차류,10791102
0872,커피 및 차류,10791103
0872,커피 및 차류,10792101
0872,커피 및 차류,10792102
0872,커피 및 차류,10792103
0872,커피 및 차류,10792104
0872,커피 및 차류,10792105
0872,커피 및 차류,10792106
0872,커피 및 차류,10792109
0873,인삼 및 건강보조 식품,10795101
0873,인삼 및 건강보조 식품,10795102
0873,인삼 및 건강보조 식품,10795103
0873,인삼 및 건강보조 식품,10795104
0873,인삼 및 건강보조 식품,10795105
0873,인삼 및 건강보조 식품,10795106
0873,인삼 및 건강보조 식품,10795109
0873,인삼 및 건강보조 식품,10796101
0873,인삼 및 건강보조 식품,10796109
0873,인삼 및 건강보조 식품,10797101
0873,인삼 및 건강보조 식품,10797102
0873,인삼 및 건강보조 식품,10797103
0873,인삼 및 건강보조 식품,10797104
0873,인삼 및 건강보조 식품,10797109
0879,기타 식료품,10619101
0879,기타 식료품,10619102
0879,기타 식료품,10619103
0879,기타 식료품,10619109
0879,기타 식료품,10751101
0879,기타 식료품,10751102
0879,기타 식료품,10759101
0879,기타 식료품,10759102
0879,기타 식료품,10759103
0879,기타 식료품,10759109
0879,기타 식료품,10793101
0879,기타 식료품,10793102
0879,기타 식료품,10794101
0879,기타 식료품,10794102
0879,기타 식료품,10794109
0879,기타 식료품,10799101
0879,기타 식료품,10799109
0880,사료,10801101
0880,사료,10801102
0880,사료,10801103
0880,사료,10801104
0880,사료,10801105
0880,사료,10801106
0880,사료,10802101
0880,사료,10802102
0880,사료,10802109
0880,사료,10802200
0911,주정,11121100
0912,소주,11122100
0913,맥주,11112101
0913,맥주,11112102
0919,기타 주류,11111101
0919,기타 주류,11111102
0919,기타 주류,11119100
0919,기타 주류,11119201
0919,기타 주류,11119202
0919,기타 주류,11119209
0919,기타 주류,11129101
0919,기타 주류,11129102
0919,기타 주류,11129109
0920,비알콜음료 및 얼음,11201100
0920,비알콜음료 및 얼음,11202100
0920,비알콜음료 및 얼음,11209101
0920,비알콜음료 및 얼음,11209102
0920,비알콜음료 및 얼음,11209103
0920,비알콜음료 및 얼음,11209104
0920,비알콜음료 및 얼음,11209105
0920,비알콜음료 및 얼음,11209106
0920,비알콜음료 및 얼음,11209107
0920,비알콜음료 및 얼음,11209108
0920,비알콜음료 및 얼음,11209110
0920,비알콜음료 및 얼음,11209111
0920,비알콜음료 및 얼음,11209800
1000,담배,12000100
1000,담배,12000201
1000,담배,12000209
1111,천연 및 화학섬유사,13101100
1111,천연 및 화학섬유사,13101201
1111,천연 및 화학섬유사,13101202
1111,천연 및 화학섬유사,13102100
1111,천연 및 화학섬유사,13102201
1111,천연 및 화학섬유사,13102202
1111,천연 및 화학섬유사,13102203
1111,천연 및 화학섬유사,13102204
1111,천연 및 화학섬유사,13103101
1111,천연 및 화학섬유사,13103102
1111,천연 및 화학섬유사,13103103
1111,천연 및 화학섬유사,13109101
1111,천연 및 화학섬유사,13109109
1111,천연 및 화학섬유사,13401100
1111,천연 및 화학섬유사,13409101
1111,천연 및 화학섬유사,13409109
1119,기타섬유사,13104101
1119,기타섬유사,13104102
1119,기타섬유사,13104103
1119,기타섬유사,13104109
1119,기타섬유사,13401100
1119,기타섬유사,13409101
1119,기타섬유사,13409109
1121,천연 및 화학 섬유직물,13211101
1121,천연 및 화학 섬유직물,13211102
1121,천연 및 화학 섬유직물,13212101
1121,천연 및 화학 섬유직물,13212102
1121,천연 및 화학 섬유직물,13212103
1121,천연 및 화학 섬유직물,13212104
1121,천연 및 화학 섬유직물,13213101
1121,천연 및 화학 섬유직물,13213102
1121,천연 및 화학 섬유직물,13213103
1121,천연 및 화학 섬유직물,13213104
1121,천연 및 화학 섬유직물,13219101
1121,천연 및 화학 섬유직물,13219102
1121,천연 및 화학 섬유직물,13219200
1121,천연 및 화학 섬유직물,13402101
1121,천연 및 화학 섬유직물,13403101
1121,천연 및 화학 섬유직물,13409101
1121,천연 및 화학 섬유직물,13409109
1122,기타 섬유직물,13219301
1122,기타 섬유직물,13219302
1122,기타 섬유직물,13219309
1122,기타 섬유직물,13402101
1122,기타 섬유직물,13403101
1122,기타 섬유직물,13409101
1122,기타 섬유직물,13409109
1122,기타 섬유직물,13991100
1123,편조원단,13300101
1123,편조원단,13300102
1123,편조원단,13300103
1123,편조원단,13300109
1123,편조원단,13402101
1123,편조원단,13403101
1123,편조원단,13409101
1123,편조원단,13409109
1130,섬유표백 및 염색 임가공,13401sc1
1130,섬유표백 및 염색 임가공,13402sc1
1130,섬유표백 및 염색 임가공,13403sc1
1130,섬유표백 및 염색 임가공,13409sc1
1141,직물제품,13221101
1141,직물제품,13221102
1141,직물제품,13221103
1141,직물제품,13221104
1141,직물제품,13221105
1141,직물제품,13221106
1141,직물제품,13221109
1141,직물제품,13222100
1141,직물제품,13223100
1141,직물제품,13224101
1141,직물제품,13224103
1141,직물제품,13224109
1141,직물제품,13225100
1141,직물제품,13229101
1141,직물제품,13229102
1141,직물제품,13229103
1141,직물제품,13229104
1141,직물제품,13229109
1141,직물제품,13402102
1141,직물제품,13403102
1141,직물제품,13409101
1141,직물제품,13409109
1142,부직포 및 펠트,13992101
1142,부직포 및 펠트,13992102
1142,부직포 및 펠트,13992103
1142,부직포 및 펠트,13402102
1142,부직포 및 펠트,13403102
1142,부직포 및 펠트,13409101
1142,부직포 및 펠트,13409109
1149,기타 섬유제품,13402102
1149,기타 섬유제품,13403102
1149,기타 섬유제품,13409101
1149,기타 섬유제품,13409109
1149,기타 섬유제품,13910101
1149,기타 섬유제품,13910102
1149,기타 섬유제품,13921101
1149,기타 섬유제품,13921102
1149,기타 섬유제품,13921103
1149,기타 섬유제품,13922101
1149,기타 섬유제품,13922109
1149,기타 섬유제품,13922110
1149,기타 섬유제품,13993101
1149,기타 섬유제품,13993102
1149,기타 섬유제품,13993109
1149,기타 섬유제품,13994101
1149,기타 섬유제품,13994102
1149,기타 섬유제품,13994109
1149,기타 섬유제품,13999100
1149,기타 섬유제품,13999200
1149,기타 섬유제품,13999801
1149,기타 섬유제품,13999802
1149,기타 섬유제품,13999803
1149,기타 섬유제품,13999809
1151,봉제의류,13402102
1151,봉제의류,13403102
1151,봉제의류,13409101
1151,봉제의류,13409109
1151,봉제의류,14111101
1151,봉제의류,14111102
1151,봉제의류,14111103
1151,봉제의류,14111200
1151,봉제의류,14112101
1151,봉제의류,14112102
1151,봉제의류,14112103
1151,봉제의류,14112201
1151,봉제의류,14112202
1151,봉제의류,14120101
1151,봉제의류,14120102
1151,봉제의류,14120201
1151,봉제의류,14120202
1151,봉제의류,14120203
1151,봉제의류,14130100
1151,봉제의류,14191101
1151,봉제의류,14191102
1151,봉제의류,14191201
1151,봉제의류,14191202
1151,봉제의류,14192100
1151,봉제의류,14192200
1151,봉제의류,14192300
1151,봉제의류,14194100
1151,봉제의류,14199800
1152,편조의류,13401100
1152,편조의류,13409101
1152,편조의류,13409109
1152,편조의류,14300101
1152,편조의류,14300102
1152,편조의류,14300103
1152,편조의류,14300201
1152,편조의류,14300202
1152,편조의류,14300301
1152,편조의류,14300302
1152,편조의류,14300801
1152,편조의류,14300802
1153,가죽의류,14193101
1153,가죽의류,14193102
1153,가죽의류,13402102
1153,가죽의류,13403102
1153,가죽의류,13409101
1153,가죽의류,13409109
1154,모피의류 및 모피제품,14200101
1154,모피의류 및 모피제품,14200109
1154,모피의류 및 모피제품,14200200
1154,모피의류 및 모피제품,13402102
1154,모피의류 및 모피제품,13403102
1154,모피의류 및 모피제품,13409101
1154,모피의류 및 모피제품,13409109
1155,의복 관련 장신품,13402102
1155,의복 관련 장신품,13403102
1155,의복 관련 장신품,13409101
1155,의복 관련 장신품,13409109
1155,의복 관련 장신품,14411101
1155,의복 관련 장신품,14411102
1155,의복 관련 장신품,14419101
1155,의복 관련 장신품,14419109
1155,의복 관련 장신품,14491100
1155,의복 관련 장신품,14499101
1155,의복 관련 장신품,14499102
1155,의복 관련 장신품,14499801
1155,의복 관련 장신품,14499802
1155,의복 관련 장신품,14499803
1155,의복 관련 장신품,14499805
1155,의복 관련 장신품,14499806
1155,의복 관련 장신품,14499809
1155,의복 관련 장신품,14499900
1201,가죽,15110101
1201,가죽,15110102
1201,가죽,15110103
1201,가죽,15110109
1201,가죽,15110201
1201,가죽,15110209
1202,모피,15110301
1202,모피,15110401
1203,가방 및 핸드백,15121101
1203,가방 및 핸드백,15121102
1203,가방 및 핸드백,15129101
1203,가방 및 핸드백,15129102
1203,가방 및 핸드백,15129103
1203,가방 및 핸드백,15129104
1203,가방 및 핸드백,15129109
1203,가방 및 핸드백,15129200
1204,신발,15211101
1204,신발,15211102
1204,신발,15211103
1204,신발,15211104
1204,신발,15219101
1204,신발,15219102
1204,신발,15219109
1204,신발,15219201
1204,신발,15219202
1204,신발,15219203
1204,신발,15219301
1204,신발,15219302
1204,신발,15219303
1204,신발,15219309
1204,신발,15219801
1204,신발,15219809
1204,신발,15220101
1204,신발,15220102
1204,신발,15220109
1204,신발,15220119
1209,기타 가죽제품,15190101
1209,기타 가죽제품,15190102
1311,제재목,16101101
1311,제재목,16101102
1311,제재목,16101200
1311,제재목,16101900
1311,제재목,16102101
1311,제재목,16102102
1311,제재목,16102103
1311,제재목,16102104
1311,제재목,16102105
1311,제재목,16102109
1311,제재목,16103100
1312,합판,16211101
1312,합판,16211201
1312,합판,16211202
1313,강화 및 재생목재,16212101
1313,강화 및 재생목재,16212102
1313,강화 및 재생목재,16212103
1313,강화 및 재생목재,16212200
1321,건축용 목제품,16221101
1321,건축용 목제품,16221102
1321,건축용 목제품,16229101
1321,건축용 목제품,16229102
1322,목재용기 및 적재판,16231100
1322,목재용기 및 적재판,16232101
1322,목재용기 및 적재판,16232102
1322,목재용기 및 적재판,16232103
1329,기타 목제품,16291100
1329,기타 목제품,16291200
1329,기타 목제품,16292101
1329,기타 목제품,16292109
1329,기타 목제품,16299101
1329,기타 목제품,16299109
1329,기타 목제품,16300100
1329,기타 목제품,16300201
1329,기타 목제품,16300209
1410,펄프,17110101
1410,펄프,17110102
1410,펄프,17110109
1421,인쇄용지,17121100
1421,인쇄용지,17122101
1421,인쇄용지,17122102
1421,인쇄용지,17122103
1421,인쇄용지,17122104
1421,인쇄용지,17122105
1421,인쇄용지,17122106
1421,인쇄용지,17122109
1429,기타 원지 및 판지,17122107
1429,기타 원지 및 판지,17123100
1429,기타 원지 및 판지,17123201
1429,기타 원지 및 판지,17123202
1429,기타 원지 및 판지,17123209
1429,기타 원지 및 판지,17124101
1429,기타 원지 및 판지,17124102
1429,기타 원지 및 판지,17124103
1429,기타 원지 및 판지,17124109
1429,기타 원지 및 판지,17125101
1429,기타 원지 및 판지,17125109
1429,기타 원지 및 판지,17129800
1431,골판지 및 골판지가공품,17211100
1431,골판지 및 골판지가공품,17212101
1431,골판지 및 골판지가공품,17212109
1432,종이용기,17221101
1432,종이용기,17221102
1432,종이용기,17222100
1432,종이용기,17223101
1432,종이용기,17223102
1432,종이용기,17229801
1432,종이용기,17229802
1433,종이문구 및 사무용지,17901101
1433,종이문구 및 사무용지,17901102
1433,종이문구 및 사무용지,17901103
1433,종이문구 및 사무용지,17901104
1433,종이문구 및 사무용지,17901105
1433,종이문구 및 사무용지,17901106
1433,종이문구 및 사무용지,17901107
1433,종이문구 및 사무용지,17901109
1434,위생용 종이제품,17902101
1434,위생용 종이제품,17902102
1434,위생용 종이제품,17902103
1434,위생용 종이제품,17902104
1434,위생용 종이제품,17902109
1439,기타 종이제품,17903101
1439,기타 종이제품,17903102
1439,기타 종이제품,17903103
1439,기타 종이제품,17909101
1439,기타 종이제품,17909102
1439,기타 종이제품,17909103
1439,기타 종이제품,17909109
1500,인쇄 및 기록매체 복제,18111sc1
1500,인쇄 및 기록매체 복제,18112sc1
1500,인쇄 및 기록매체 복제,18113sc1
1500,인쇄 및 기록매체 복제,18119sc1
1500,인쇄 및 기록매체 복제,18119sc2
1500,인쇄 및 기록매체 복제,18119sc9
1500,인쇄 및 기록매체 복제,18121sc1
1500,인쇄 및 기록매체 복제,18122sc1
1500,인쇄 및 기록매체 복제,18129sc1
1500,인쇄 및 기록매체 복제,18200sc1
1500,인쇄 및 기록매체 복제,18121100
1500,인쇄 및 기록매체 복제,18200101
1500,인쇄 및 기록매체 복제,18200103
1500,인쇄 및 기록매체 복제,18200109
1610,석탄제품,19101101
1610,석탄제품,19101102
1610,석탄제품,19102101
1610,석탄제품,19102102
1621,나프타,19210108
1622,휘발유,19210101
1623,제트유,19210102
1624,등유,19210103
1625,경유,19210104
1626,중유,19210105
1626,중유,19210106
1626,중유,19210107
1627,액화석유가스,19210112
1627,액화석유가스,19210113
1627,액화석유가스,19210114
1628,정제혼합용 원료유,19210111
1631,윤활유 및 그리스,19221101
1631,윤활유 및 그리스,19221102
1631,윤활유 및 그리스,19221200
1639,기타 석유정제제품,19210110
1639,기타 석유정제제품,19229101
1639,기타 석유정제제품,19229102
1639,기타 석유정제제품,19229103
1639,기타 석유정제제품,19229109
1711,지방족 기초유분,20111101
1711,지방족 기초유분,20111102
1711,지방족 기초유분,20111103
1711,지방족 기초유분,20111104
1711,지방족 기초유분,20111109
1712,방향족 기초유분,20111202
1712,방향족 기초유분,20111203
1712,방향족 기초유분,20111205
1712,방향족 기초유분,20111206
1712,방향족 기초유분,20111208
1713,석유화학중간제품,20111201
1713,석유화학중간제품,20111204
1713,석유화학중간제품,20111207
1713,석유화학중간제품,20111209
1713,석유화학중간제품,20111301
1713,석유화학중간제품,20111302
1713,석유화학중간제품,20111303
1713,석유화학중간제품,20111309
1713,석유화학중간제품,20119201
1713,석유화학중간제품,20119202
1713,석유화학중간제품,20119203
1713,석유화학중간제품,20119204
1713,석유화학중간제품,20119205
1713,석유화학중간제품,20119206
1713,석유화학중간제품,20119207
1713,석유화학중간제품,20119208
1713,석유화학중간제품,20119209
1713,석유화학중간제품,20119301
1713,석유화학중간제품,20119302
1713,석유화학중간제품,20119303
1713,석유화학중간제품,20119304
1713,석유화학중간제품,20119305
1713,석유화학중간제품,20119306
1713,석유화학중간제품,20119307
1713,석유화학중간제품,20119308
1713,석유화학중간제품,20119310
1713,석유화학중간제품,20119311
1713,석유화학중간제품,20119319
1719,기타 기초유기화합물,20112101
1719,기타 기초유기화합물,20112109
1719,기타 기초유기화합물,20119101
1719,기타 기초유기화합물,20119102
1719,기타 기초유기화합물,20119401
1719,기타 기초유기화합물,20119402
1719,기타 기초유기화합물,20119403
1719,기타 기초유기화합물,20119404
1719,기타 기초유기화합물,20119405
1719,기타 기초유기화합물,20119406
1719,기타 기초유기화합물,20119407
1719,기타 기초유기화합물,20119408
1719,기타 기초유기화합물,20119410
1719,기타 기초유기화합물,20119411
1719,기타 기초유기화합물,20119412
1719,기타 기초유기화합물,20119413
1719,기타 기초유기화합물,20119414
1719,기타 기초유기화합물,20119415
1719,기타 기초유기화합물,20119416
1719,기타 기초유기화합물,20119417
1719,기타 기초유기화합물,20119418
1719,기타 기초유기화합물,20119420
1719,기타 기초유기화합물,20119429
1721,산업용 가스,20121101
1721,산업용 가스,20121102
1721,산업용 가스,20121103
1721,산업용 가스,20121104
1721,산업용 가스,20121105
1721,산업용 가스,20121106
1721,산업용 가스,20121107
1721,산업용 가스,20121109
1721,산업용 가스,20121200
1722,기초무기화합물,20129101
1722,기초무기화합물,20129102
1722,기초무기화합물,20129103
1722,기초무기화합물,20129104
1722,기초무기화합물,20129105
1722,기초무기화합물,20129106
1722,기초무기화합물,20129109
1722,기초무기화합물,20129201
1722,기초무기화합물,20129202
1722,기초무기화합물,20129203
1722,기초무기화합물,20129204
1722,기초무기화합물,20129205
1722,기초무기화합물,20129206
1722,기초무기화합물,20129207
1722,기초무기화합물,20129209
1722,기초무기화합물,20129301
1722,기초무기화합물,20129302
1722,기초무기화합물,20129309
1722,기초무기화합물,20129401
1722,기초무기화합물,20129402
1722,기초무기화합물,20129403
1722,기초무기화합물,20129404
1722,기초무기화합물,20129405
1722,기초무기화합물,20129406
1722,기초무기화합물,20129407
1722,기초무기화합물,20129408
1722,기초무기화합물,20129409
1722,기초무기화합물,20129419
1722,기초무기화합물,20129500
1722,기초무기화합물,20129601
1722,기초무기화합물,20129602
1723,"염료, 안료 및 유연제",20131101
1723,"염료, 안료 및 유연제",20131102
1723,"염료, 안료 및 유연제",20131103
1723,"염료, 안료 및 유연제",20131109
1723,"염료, 안료 및 유연제",20132101
1723,"염료, 안료 및 유연제",20132102
1723,"염료, 안료 및 유연제",20132201
1723,"염료, 안료 및 유연제",20132202
1723,"염료, 안료 및 유연제",20132203
1723,"염료, 안료 및 유연제",20132204
1723,"염료, 안료 및 유연제",20132205
1723,"염료, 안료 및 유연제",20132206
1723,"염료, 안료 및 유연제",20132207
1723,"염료, 안료 및 유연제",20132208
1723,"염료, 안료 및 유연제",20132210
1723,"염료, 안료 및 유연제",20132219
1723,"염료, 안료 및 유연제",20132301
1723,"염료, 안료 및 유연제",20132302
1801,합성수지,20202101
1801,합성수지,20202102
1801,합성수지,20202103
1801,합성수지,20202104
1801,합성수지,20202105
1801,합성수지,20202106
1801,합성수지,20202107
1801,합성수지,20202108
1801,합성수지,20202111
1801,합성수지,20202112
1801,합성수지,20202113
1801,합성수지,20202114
1801,합성수지,20202115
1801,합성수지,20202116
1801,합성수지,20202117
1801,합성수지,20202118
1801,합성수지,20202120
1801,합성수지,20202121
1801,합성수지,20202122
1801,합성수지,20202123
1801,합성수지,20202124
1801,합성수지,20202800
1801,합성수지,20203101
1801,합성수지,20203102
1802,합성고무,20201101
1802,합성고무,20201102
1802,합성고무,20201103
1802,합성고무,20201109
1900,화학섬유,20501101
1900,화학섬유,20501102
1900,화학섬유,20501103
1900,화학섬유,20501104
1900,화학섬유,20501105
1900,화학섬유,20501109
1900,화학섬유,20502101
1900,화학섬유,20502102
1900,화학섬유,20502103
1900,화학섬유,20502109
2000,의약품,21101100
2000,의약품,21102101
2000,의약품,21102109
2000,의약품,21210100
2000,의약품,21220100
2000,의약품,21230100
2000,의약품,21300101
2000,의약품,21300102
2000,의약품,21300109
2101,비료 및 질소화합물,20311101
2101,비료 및 질소화합물,20311102
2101,비료 및 질소화합물,20311103
2101,비료 및 질소화합물,20311104
2101,비료 및 질소화합물,20311109
2101,비료 및 질소화합물,20311200
2101,비료 및 질소화합물,20311301
2101,비료 및 질소화합물,20311309
2101,비료 및 질소화합물,20312101
2101,비료 및 질소화합물,20312109
2101,비료 및 질소화합물,20313101
2101,비료 및 질소화합물,20313102
2102,살충제 및 농약,20321101
2102,살충제 및 농약,20321201
2102,살충제 및 농약,20321202
2102,살충제 및 농약,20321203
2102,살충제 및 농약,20321204
2102,살충제 및 농약,20321209
2102,살충제 및 농약,20322101
2102,살충제 및 농약,20322201
2102,살충제 및 농약,20322202
2102,살충제 및 농약,20322203
2102,살충제 및 농약,20322204
2102,살충제 및 농약,20322209
2211,도료,20411101
2211,도료,20411102
2211,도료,20411103
2211,도료,20411104
2211,도료,20411105
2211,도료,20411106
2211,도료,20411107
2211,도료,20411109
2211,도료,20411110
2211,도료,20411111
2211,도료,20411112
2211,도료,20411800
2211,도료,20412100
2211,도료,20413200
2212,잉크,20413101
2212,잉크,20413102
2212,잉크,20413103
2212,잉크,20413109
2221,"비누, 세제 및 치약",20421101
2221,"비누, 세제 및 치약",20421102
2221,"비누, 세제 및 치약",20422101
2221,"비누, 세제 및 치약",20422102
2221,"비누, 세제 및 치약",20422103
2221,"비누, 세제 및 치약",20422201
2221,"비누, 세제 및 치약",20422202
2221,"비누, 세제 및 치약",20422209
2221,"비누, 세제 및 치약",20422300
2221,"비누, 세제 및 치약",20422400
2222,화장품,20423101
2222,화장품,20423102
2222,화장품,20423103
2222,화장품,20423104
2222,화장품,20423105
2222,화장품,20423106
2222,화장품,20423107
2222,화장품,20423108
2222,화장품,20423110
2222,화장품,20423111
2222,화장품,20423112
2222,화장품,20423113
2222,화장품,20423114
2222,화장품,20423115
2222,화장품,20423116
2222,화장품,20423117
2222,화장품,20423800
2291,접착제 및 젤라틴,20493101
2291,접착제 및 젤라틴,20493102
2291,접착제 및 젤라틴,20493200
2292,사진용 화학제품 및 감광재료,20491101
2292,사진용 화학제품 및 감광재료,20491102
2292,사진용 화학제품 및 감광재료,20491103
2292,사진용 화학제품 및 감광재료,20491105
2299,기타 화학제품,20424101
2299,기타 화학제품,20424102
2299,기타 화학제품,20424103
2299,기타 화학제품,20424109
2299,기타 화학제품,20492100
2299,기타 화학제품,20494101
2299,기타 화학제품,20494102
2299,기타 화학제품,20494103
2299,기타 화학제품,20494104
2299,기타 화학제품,20495101
2299,기타 화학제품,20495102
2299,기타 화학제품,20495103
2299,기타 화학제품,20495109
2299,기타 화학제품,20499101
2299,기타 화학제품,20499102
2299,기타 화학제품,20499103
2299,기타 화학제품,20499104
2299,기타 화학제품,20499109
2299,기타 화학제품,20499201
2299,기타 화학제품,20499203
2299,기타 화학제품,20499204
2299,기타 화학제품,20499205
2299,기타 화학제품,20499206
2299,기타 화학제품,20499207
2299,기타 화학제품,20499208
2299,기타 화학제품,20499210
2299,기타 화학제품,20499211
2299,기타 화학제품,20499212
2299,기타 화학제품,20499213
2299,기타 화학제품,20499214
2299,기타 화학제품,20499215
2299,기타 화학제품,20499216
2299,기타 화학제품,20499217
2299,기타 화학제품,20499218
2299,기타 화학제품,20499220
2299,기타 화학제품,20499221
2299,기타 화학제품,20499222
2299,기타 화학제품,20499800
2310,플라스틱 1차제품,22211101
2310,플라스틱 1차제품,22211102
2310,플라스틱 1차제품,22211103
2310,플라스틱 1차제품,22211104
2310,플라스틱 1차제품,22211105
2310,플라스틱 1차제품,22212101
2310,플라스틱 1차제품,22212102
2310,플라스틱 1차제품,22212103
2310,플라스틱 1차제품,22212104
2310,플라스틱 1차제품,22212105
2310,플라스틱 1차제품,22212106
2310,플라스틱 1차제품,22212107
2310,플라스틱 1차제품,22213101
2310,플라스틱 1차제품,22213102
2310,플라스틱 1차제품,22214100
2391,건축용 플라스틱제품,22221101
2391,건축용 플라스틱제품,22221102
2391,건축용 플라스틱제품,22221103
2391,건축용 플라스틱제품,22222100
2391,건축용 플라스틱제품,22223100
2391,건축용 플라스틱제품,22229100
2392,포장용 플라스틱제품,22231100
2392,포장용 플라스틱제품,22232101
2392,포장용 플라스틱제품,22232102
2392,포장용 플라스틱제품,22232109
2393,운송장비 및 조립용 플라스틱제품,22241100
2393,운송장비 및 조립용 플라스틱제품,22249101
2393,운송장비 및 조립용 플라스틱제품,22249102
2393,운송장비 및 조립용 플라스틱제품,22249103
2393,운송장비 및 조립용 플라스틱제품,22249109
2399,기타 플라스틱제품,22251100
2399,기타 플라스틱제품,22259101
2399,기타 플라스틱제품,22259109
2399,기타 플라스틱제품,22291100
2399,기타 플라스틱제품,22292100
2399,기타 플라스틱제품,22299101
2399,기타 플라스틱제품,22299102
2399,기타 플라스틱제품,22299103
2399,기타 플라스틱제품,22299104
2399,기타 플라스틱제품,22299105
2399,기타 플라스틱제품,22299106
2399,기타 플라스틱제품,22299109
2410,타이어 및 튜브,22111101
2410,타이어 및 튜브,22111102
2410,타이어 및 튜브,22111103
2410,타이어 및 튜브,22111109
2410,타이어 및 튜브,22111110
2410,타이어 및 튜브,22111201
2410,타이어 및 튜브,22111209
2410,타이어 및 튜브,22111900
2410,타이어 및 튜브,22112100
2491,산업용 고무제품,22191100
2491,산업용 고무제품,22192101
2491,산업용 고무제품,22192102
2491,산업용 고무제품,22192103
2491,산업용 고무제품,22192104
2491,산업용 고무제품,22192105
2491,산업용 고무제품,22192106
2491,산업용 고무제품,22192107
2491,산업용 고무제품,22192108
2491,산업용 고무제품,22192110
2491,산업용 고무제품,22192800
2491,산업용 고무제품,22199105
2499,기타 고무제품,22193101
2499,기타 고무제품,22193102
2499,기타 고무제품,22193103
2499,기타 고무제품,22193109
2499,기타 고무제품,22199101
2499,기타 고무제품,22199102
2499,기타 고무제품,22199103
2499,기타 고무제품,22199104
2499,기타 고무제품,22199109
2501,판유리 및 1차 유리제품,23111100
2501,판유리 및 1차 유리제품,23121200
2502,전자기기용 유리제품,23122101
2502,전자기기용 유리제품,23122102
2502,전자기기용 유리제품,23122103
2502,전자기기용 유리제품,23122104
2502,전자기기용 유리제품,23122105
2502,전자기기용 유리제품,23122106
2503,산업용 유리제품(전자기기용 제외),23112101
2503,산업용 유리제품(전자기기용 제외),23112102
2503,산업용 유리제품(전자기기용 제외),23119101
2503,산업용 유리제품(전자기기용 제외),23119102
2503,산업용 유리제품(전자기기용 제외),23119103
2503,산업용 유리제품(전자기기용 제외),23119109
2503,산업용 유리제품(전자기기용 제외),23121101
2503,산업용 유리제품(전자기기용 제외),23121102
2503,산업용 유리제품(전자기기용 제외),23121103
2503,산업용 유리제품(전자기기용 제외),23129101
2503,산업용 유리제품(전자기기용 제외),23129109
2509,기타 유리제품,23191100
2509,기타 유리제품,23192101
2509,기타 유리제품,23192102
2509,기타 유리제품,23199100
2611,가정용 도자기,23221101
2611,가정용 도자기,23221102
2611,가정용 도자기,23221103
2611,가정용 도자기,23222101
2611,가정용 도자기,23222102
2611,가정용 도자기,23222103
2611,가정용 도자기,23222109
2612,산업용 도자기,23222201
2612,산업용 도자기,23222202
2612,산업용 도자기,23222203
2612,산업용 도자기,23222209
2612,산업용 도자기,23229101
2612,산업용 도자기,23229109
2613,내화요업제품,23211101
2613,내화요업제품,23211102
2613,내화요업제품,23211103
2613,내화요업제품,23211109
2613,내화요업제품,23212101
2613,내화요업제품,23212109
2614,건설용 비내화요업제품,23231101
2614,건설용 비내화요업제품,23231102
2614,건설용 비내화요업제품,23232100
2614,건설용 비내화요업제품,23239101
2614,건설용 비내화요업제품,23239109
2620,시멘트,23311101
2620,시멘트,23311102
2620,시멘트,23311103
2620,시멘트,23311104
2620,시멘트,23311105
2620,시멘트,23311106
2620,시멘트,23311109
2631,레미콘,23321100
2631,레미콘,23322100
2632,콘크리트 제품,23324101
2632,콘크리트 제품,23324102
2632,콘크리트 제품,23324103
2632,콘크리트 제품,23324104
2632,콘크리트 제품,23324105
2632,콘크리트 제품,23325101
2632,콘크리트 제품,23325102
2632,콘크리트 제품,23325103
2632,콘크리트 제품,23325104
2632,콘크리트 제품,23325105
2632,콘크리트 제품,23325106
2632,콘크리트 제품,23325109
2632,콘크리트 제품,23329100
2691,석회 및 석고제품,23312101
2691,석회 및 석고제품,23312102
2691,석회 및 석고제품,23312109
2691,석회 및 석고제품,23312200
2691,석회 및 석고제품,23323101
2691,석회 및 석고제품,23323109
2692,석제품,23911101
2692,석제품,23911102
2692,석제품,23919101
2692,석제품,23919102
2692,석제품,23919103
2692,석제품,23919109
2693,연마재,23992101
2693,연마재,23992102
2693,연마재,23992103
2694,아스콘 및 아스팔트제품,23991100
2694,아스콘 및 아스팔트제품,23999100
2699,기타 비금속광물제품,23993101
2699,기타 비금속광물제품,23993102
2699,기타 비금속광물제품,23993109
2699,기타 비금속광물제품,23994101
2699,기타 비금속광물제품,23994102
2699,기타 비금속광물제품,23995100
2699,기타 비금속광물제품,23999200
2699,기타 비금속광물제품,23999300
2699,기타 비금속광물제품,23999801
2699,기타 비금속광물제품,23999802
2699,기타 비금속광물제품,23999809
2711,선철,24111101
2711,선철,24111102
2711,선철,24111900
2712,합금철,24113101
2712,합금철,24113102
2713,조강,24112101
2713,조강,24112102
2713,조강,24112103
2713,조강,24112104
2721,철근 및 봉강,24121101
2721,철근 및 봉강,24121102
2721,철근 및 봉강,24121103
2721,철근 및 봉강,24121104
2721,철근 및 봉강,24121105
2722,형강,24121110
2722,형강,24121111
2723,선재 및 궤조,24121106
2723,선재 및 궤조,24121107
2723,선재 및 궤조,24121108
2723,선재 및 궤조,24121122
2723,선재 및 궤조,24121123
2723,선재 및 궤조,24121129
2724,중후판(두께 3mm 이상),24121112
2725,열연강판,24121113
2725,열연강판,24121114
2725,열연강판,24121119
2726,강선,24123101
2726,강선,24123102
2726,강선,24123103
2726,강선,24123104
2726,강선,24123105
2726,강선,24123201
2726,강선,24123202
2726,강선,24123209
2727,철강관,24131101
2727,철강관,24131102
2727,철강관,24132101
2727,철강관,24132102
2727,철강관,24132109
2727,철강관,24133100
2727,철강관,24133200
2730,냉간압연강재,24122101
2730,냉간압연강재,24122102
2730,냉간압연강재,24122103
2730,냉간압연강재,24122104
2730,냉간압연강재,24122105
2730,냉간압연강재,24122106
2730,냉간압연강재,24122109
2791,표면처리강재,24191101
2791,표면처리강재,24191102
2791,표면처리강재,24191103
2791,표면처리강재,24191104
2791,표면처리강재,24191105
2791,표면처리강재,24191109
2791,표면처리강재,24191110
2791,표면처리강재,24191200
2791,표면처리강재,24191800
2799,기타 철강1차제품,24119100
2799,기타 철강1차제품,24199100
2811,"동 제련, 정련 및 합금제품",24211101
2811,"동 제련, 정련 및 합금제품",24211102
2812,"알루미늄 제련, 정련 및 합금제품",24212101
2812,"알루미늄 제련, 정련 및 합금제품",24212102
2812,"알루미늄 제련, 정련 및 합금제품",24212103
2813,"연 및 아연 제련, 정련 및 합금제품",24213101
2813,"연 및 아연 제련, 정련 및 합금제품",24213102
2813,"연 및 아연 제련, 정련 및 합금제품",24213201
2813,"연 및 아연 제련, 정련 및 합금제품",24213202
2814,금은괴,24219101
2814,금은괴,24219102
2814,금은괴,24219109
2814,금은괴,24219110
2819,"기타 비철금속 제련, 정련 및 합금제품",24219201
2819,"기타 비철금속 제련, 정련 및 합금제품",24219202
2819,"기타 비철금속 제련, 정련 및 합금제품",24219209
2819,"기타 비철금속 제련, 정련 및 합금제품",24219219
2821,동 1차제품,24221101
2821,동 1차제품,24221102
2821,동 1차제품,24221103
2821,동 1차제품,24221104
2821,동 1차제품,24221105
2821,동 1차제품,24221106
2822,알루미늄 1차제품,24222101
2822,알루미늄 1차제품,24222102
2822,알루미늄 1차제품,24222103
2822,알루미늄 1차제품,24222104
2822,알루미늄 1차제품,24222105
2822,알루미늄 1차제품,24222106
2822,알루미늄 1차제품,24222107
2829,기타 비철금속 1차제품,24229101
2829,기타 비철금속 1차제품,24229102
2829,기타 비철금속 1차제품,24229103
2829,기타 비철금속 1차제품,24229104
2829,기타 비철금속 1차제품,24229105
2829,기타 비철금속 1차제품,24229106
2829,기타 비철금속 1차제품,24229107
2829,기타 비철금속 1차제품,24229109
2829,기타 비철금속 1차제품,24290101
2829,기타 비철금속 1차제품,24290102
2829,기타 비철금속 1차제품,24290103
2829,기타 비철금속 1차제품,24290104
2829,기타 비철금속 1차제품,24290109
2829,기타 비철금속 1차제품,24290800
2900,금속 주물,24311101
2900,금속 주물,24311102
2900,금속 주물,24311103
2900,금속 주물,24312101
2900,금속 주물,24312102
2900,금속 주물,24321100
2900,금속 주물,24322100
2900,금속 주물,24329800
3011,건축용 금속제품,25111101
3011,건축용 금속제품,25111102
3011,건축용 금속제품,25111109
3011,건축용 금속제품,25111200
3011,건축용 금속제품,25112100
3011,건축용 금속제품,25112200
3011,건축용 금속제품,25119101
3011,건축용 금속제품,25119102
3011,건축용 금속제품,25119103
3011,건축용 금속제품,25119104
3011,건축용 금속제품,25119105
3011,건축용 금속제품,25119109
3012,구조물용 금속제품,25113101
3012,구조물용 금속제품,25113102
3012,구조물용 금속제품,25113103
3012,구조물용 금속제품,25113109
3012,구조물용 금속제품,25114100
3013,금속제 탱크 및 압력용기,25122100
3013,금속제 탱크 및 압력용기,25123100
3014,산업용 보일러 및 증기발생기,25121101
3014,산업용 보일러 및 증기발생기,25121102
3014,산업용 보일러 및 증기발생기,25121900
3014,산업용 보일러 및 증기발생기,25130100
3014,산업용 보일러 및 증기발생기,25130201
3014,산업용 보일러 및 증기발생기,25130202
3014,산업용 보일러 및 증기발생기,25130209
3014,산업용 보일러 및 증기발생기,25130901
3014,산업용 보일러 및 증기발생기,25130902
3021,금속 단조 및 야금제품,25911100
3021,금속 단조 및 야금제품,25912101
3021,금속 단조 및 야금제품,25912102
3021,금속 단조 및 야금제품,25912109
3021,금속 단조 및 야금제품,25912201
3021,금속 단조 및 야금제품,25912202
3021,금속 단조 및 야금제품,25912203
3021,금속 단조 및 야금제품,25912209
3022,금속압형제품,25913100
3022,금속압형제품,25914101
3022,금속압형제품,25914102
3022,금속압형제품,25914109
3031,금속처리,25921sc1
3031,금속처리,25922sc1
3031,금속처리,25922sc2
3031,금속처리,25923sc1
3031,금속처리,25924sc1
3031,금속처리,25929sc1
3032,금속처리 가공품,25921100
3032,금속처리 가공품,25924100
3032,금속처리 가공품,25929800
3091,가정용 금속제품,25931101
3091,가정용 금속제품,25931102
3091,가정용 금속제품,25931103
3091,가정용 금속제품,25931104
3091,가정용 금속제품,25931105
3091,가정용 금속제품,25992101
3091,가정용 금속제품,25992102
3091,가정용 금속제품,25992103
3091,가정용 금속제품,25992109
3091,가정용 금속제품,25993101
3091,가정용 금속제품,25993109
3092,부착용 금속제품,25932101
3092,부착용 금속제품,25932102
3092,부착용 금속제품,25932103
3092,부착용 금속제품,25932104
3092,부착용 금속제품,25932105
3092,부착용 금속제품,25932106
3092,부착용 금속제품,25932107
3092,부착용 금속제품,25932108
3092,부착용 금속제품,25932109
3093,공구류,25933101
3093,공구류,25933102
3093,공구류,25933103
3093,공구류,25933104
3093,공구류,25933105
3093,공구류,25933106
3093,공구류,25933107
3093,공구류,25933109
3093,공구류,25934101
3093,공구류,25934102
3093,공구류,25934201
3093,공구류,25934209
3094,나사 및 철선제품,25941100
3094,나사 및 철선제품,25942100
3094,나사 및 철선제품,25942201
3094,나사 및 철선제품,25942202
3094,나사 및 철선제품,25942203
3094,나사 및 철선제품,25942209
3094,나사 및 철선제품,25943101
3094,나사 및 철선제품,25943102
3094,나사 및 철선제품,25943109
3094,나사 및 철선제품,25944101
3094,나사 및 철선제품,25944102
3094,나사 및 철선제품,25944103
3094,나사 및 철선제품,25944109
3095,금속포장용기,25991101
3095,금속포장용기,25991102
3095,금속포장용기,25991103
3095,금속포장용기,25991201
3095,금속포장용기,25991202
3095,금속포장용기,25991209
3095,금속포장용기,25991300
3099,기타 금속제품,25200100
3099,기타 금속제품,25200201
3099,기타 금속제품,25200202
3099,기타 금속제품,25200209
3099,기타 금속제품,25994100
3099,기타 금속제품,25995100
3099,기타 금속제품,25999101
3099,기타 금속제품,25999109
3099,기타 금속제품,25999201
3099,기타 금속제품,25999202
3099,기타 금속제품,25999203
3099,기타 금속제품,25999209
3099,기타 금속제품,25999300
3099,기타 금속제품,25999400
3099,기타 금속제품,25999501
3099,기타 금속제품,25999502
3099,기타 금속제품,25999800
3101,개별소자,26121100
3101,개별소자,26129101
3101,개별소자,26129102
3101,개별소자,26129103
3101,개별소자,26129104
3101,개별소자,26129105
3101,개별소자,26129106
3101,개별소자,26129107
3101,개별소자,26129109
3101,개별소자,26129201
3101,개별소자,26129202
3101,개별소자,26129900
3102,집적회로,26111101
3102,집적회로,26111102
3102,집적회로,26111103
3102,집적회로,26111109
3102,집적회로,26112101
3102,집적회로,26112102
3102,집적회로,26112103
3102,집적회로,26112104
3102,집적회로,26112109
3102,집적회로,26112201
3102,집적회로,26112202
3102,집적회로,26112209
3102,집적회로,26112300
3102,집적회로,26112400
3102,집적회로,26112500
3102,집적회로,26112900
3201,LCD 평판 디스플레이,26211101
3201,LCD 평판 디스플레이,26211102
3201,LCD 평판 디스플레이,26211103
3201,LCD 평판 디스플레이,26211109
3201,LCD 평판 디스플레이,26211901
3201,LCD 평판 디스플레이,26211902
3201,LCD 평판 디스플레이,26211904
3201,LCD 평판 디스플레이,26211906
3201,LCD 평판 디스플레이,26211907
3201,LCD 평판 디스플레이,26211909
3209,기타 전자표시장치,26212100
3209,기타 전자표시장치,26219101
3209,기타 전자표시장치,26219102
3209,기타 전자표시장치,26219109
3209,기타 전자표시장치,26219900
3209,기타 전자표시장치,26219901
3209,기타 전자표시장치,26299101
3209,기타 전자표시장치,26299102
3209,기타 전자표시장치,26299109
3209,기타 전자표시장치,26299201
3209,기타 전자표시장치,26299209
3209,기타 전자표시장치,26299301
3209,기타 전자표시장치,26299309
3310,인쇄회로기판 및 실장기판,26221101
3310,인쇄회로기판 및 실장기판,26221102
3310,인쇄회로기판 및 실장기판,26221103
3310,인쇄회로기판 및 실장기판,26222101
3310,인쇄회로기판 및 실장기판,26222102
3310,인쇄회로기판 및 실장기판,26223100
3310,인쇄회로기판 및 실장기판,26224100
3391,"축전기, 저항기, 전자코일 및 변성기",26291101
3391,"축전기, 저항기, 전자코일 및 변성기",26291102
3391,"축전기, 저항기, 전자코일 및 변성기",26291103
3391,"축전기, 저항기, 전자코일 및 변성기",26291104
3391,"축전기, 저항기, 전자코일 및 변성기",26291109
3391,"축전기, 저항기, 전자코일 및 변성기",26291200
3391,"축전기, 저항기, 전자코일 및 변성기",26291300
3391,"축전기, 저항기, 전자코일 및 변성기",26291900
3391,"축전기, 저항기, 전자코일 및 변성기",26292101
3391,"축전기, 저항기, 전자코일 및 변성기",26292102
3391,"축전기, 저항기, 전자코일 및 변성기",26292109
3391,"축전기, 저항기, 전자코일 및 변성기",26292201
3391,"축전기, 저항기, 전자코일 및 변성기",26292202
3391,"축전기, 저항기, 전자코일 및 변성기",26292203
3391,"축전기, 저항기, 전자코일 및 변성기",26292209
3391,"축전기, 저항기, 전자코일 및 변성기",26292900
3391,"축전기, 저항기, 전자코일 및 변성기",26294101
3391,"축전기, 저항기, 전자코일 및 변성기",26294102
3391,"축전기, 저항기, 전자코일 및 변성기",26294109
3391,"축전기, 저항기, 전자코일 및 변성기",26294900
3399,기타 전자부품,26293101
3399,기타 전자부품,26293102
3399,기타 전자부품,26295101
3399,기타 전자부품,26295102
3399,기타 전자부품,26299401
3399,기타 전자부품,26299402
3399,기타 전자부품,26299403
3399,기타 전자부품,26299409
3399,기타 전자부품,26299501
3399,기타 전자부품,26299502
3399,기타 전자부품,26299503
3399,기타 전자부품,26299504
3399,기타 전자부품,26299505
3399,기타 전자부품,26299506
3399,기타 전자부품,26299509
3401,컴퓨터,26310100
3401,컴퓨터,26310201
3401,컴퓨터,26310202
3401,컴퓨터,26310203
3401,컴퓨터,26310204
3401,컴퓨터,26310209
3401,컴퓨터,26310800
3402,컴퓨터 기억장치,26321101
3402,컴퓨터 기억장치,26321102
3402,컴퓨터 기억장치,26321103
3402,컴퓨터 기억장치,26321104
3402,컴퓨터 기억장치,26321105
3402,컴퓨터 기억장치,26321106
3402,컴퓨터 기억장치,26321109
3402,컴퓨터 기억장치,26321901
3402,컴퓨터 기억장치,26321909
3409,컴퓨터 주변기기,26322101
3409,컴퓨터 주변기기,26322102
3409,컴퓨터 주변기기,26323101
3409,컴퓨터 주변기기,26323102
3409,컴퓨터 주변기기,26323103
3409,컴퓨터 주변기기,26323109
3409,컴퓨터 주변기기,26323900
3409,컴퓨터 주변기기,26329101
3409,컴퓨터 주변기기,26329102
3409,컴퓨터 주변기기,26329103
3409,컴퓨터 주변기기,26329109
3409,컴퓨터 주변기기,26329209
3409,컴퓨터 주변기기,26329300
3409,컴퓨터 주변기기,26329400
3409,컴퓨터 주변기기,26329801
3409,컴퓨터 주변기기,26329802
3409,컴퓨터 주변기기,26329803
3409,컴퓨터 주변기기,26329809
3409,컴퓨터 주변기기,26329900
3511,유선통신기기,26410101
3511,유선통신기기,26410102
3511,유선통신기기,26410103
3511,유선통신기기,26410109
3511,유선통신기기,26410201
3511,유선통신기기,26410202
3511,유선통신기기,26410209
3511,유선통신기기,26410301
3511,유선통신기기,26410302
3511,유선통신기기,26410303
3511,유선통신기기,26410304
3511,유선통신기기,26410305
3511,유선통신기기,26410306
3511,유선통신기기,26410400
3511,유선통신기기,26410801
3511,유선통신기기,26410802
3511,유선통신기기,26410803
3511,유선통신기기,26410804
3511,유선통신기기,26410805
3511,유선통신기기,26410806
3511,유선통신기기,26410807
3511,유선통신기기,26410808
3511,유선통신기기,26410811
3511,유선통신기기,26410819
3511,유선통신기기,26410901
3511,유선통신기기,26410902
3511,유선통신기기,26410903
3511,유선통신기기,26410904
3511,유선통신기기,26410909
3512,이동전화기,26422101
3512,이동전화기,26422102
3512,이동전화기,26422901
3512,이동전화기,26422909
3519,기타 무선통신장비 및 방송장비,26421101
3519,기타 무선통신장비 및 방송장비,26421102
3519,기타 무선통신장비 및 방송장비,26421103
3519,기타 무선통신장비 및 방송장비,26421104
3519,기타 무선통신장비 및 방송장비,26421105
3519,기타 무선통신장비 및 방송장비,26421106
3519,기타 무선통신장비 및 방송장비,26421107
3519,기타 무선통신장비 및 방송장비,26421201
3519,기타 무선통신장비 및 방송장비,26421202
3519,기타 무선통신장비 및 방송장비,26421203
3519,기타 무선통신장비 및 방송장비,26421204
3519,기타 무선통신장비 및 방송장비,26421205
3519,기타 무선통신장비 및 방송장비,26421209
3519,기타 무선통신장비 및 방송장비,26421800
3519,기타 무선통신장비 및 방송장비,26421900
3519,기타 무선통신장비 및 방송장비,26429101
3519,기타 무선통신장비 및 방송장비,26429102
3519,기타 무선통신장비 및 방송장비,26429103
3519,기타 무선통신장비 및 방송장비,26429104
3519,기타 무선통신장비 및 방송장비,26429109
3519,기타 무선통신장비 및 방송장비,26429201
3519,기타 무선통신장비 및 방송장비,26429202
3519,기타 무선통신장비 및 방송장비,26429203
3519,기타 무선통신장비 및 방송장비,26429204
3519,기타 무선통신장비 및 방송장비,26429205
3519,기타 무선통신장비 및 방송장비,26429206
3519,기타 무선통신장비 및 방송장비,26429209
3519,기타 무선통신장비 및 방송장비,26429800
3519,기타 무선통신장비 및 방송장비,26429901
3519,기타 무선통신장비 및 방송장비,26429902
3519,기타 무선통신장비 및 방송장비,26429909
3521,TV,26511102
3521,TV,26511109
3521,TV,26511901
3521,TV,26511902
3522,영상기기,26519100
3522,영상기기,26519201
3522,영상기기,26519202
3522,영상기기,26519203
3522,영상기기,26519204
3522,영상기기,26519205
3522,영상기기,26519301
3522,영상기기,26519302
3522,영상기기,26519303
3522,영상기기,26519901
3522,영상기기,26519902
3523,오디오 및 음향기기,26521101
3523,오디오 및 음향기기,26521102
3523,오디오 및 음향기기,26521103
3523,오디오 및 음향기기,26521201
3523,오디오 및 음향기기,26521202
3523,오디오 및 음향기기,26521204
3523,오디오 및 음향기기,26521205
3523,오디오 및 음향기기,26521206
3523,오디오 및 음향기기,26521209
3523,오디오 및 음향기기,26521900
3523,오디오 및 음향기기,26529101
3523,오디오 및 음향기기,26529102
3523,오디오 및 음향기기,26529103
3523,오디오 및 음향기기,26529104
3523,오디오 및 음향기기,26529105
3523,오디오 및 음향기기,26529106
3523,오디오 및 음향기기,26529107
3523,오디오 및 음향기기,26529108
3523,오디오 및 음향기기,26529110
3523,오디오 및 음향기기,26529111
3523,오디오 및 음향기기,26529112
3523,오디오 및 음향기기,26529800
3523,오디오 및 음향기기,26529901
3523,오디오 및 음향기기,26529902
3523,오디오 및 음향기기,26600101
3523,오디오 및 음향기기,26600103
3611,의료용 기기,27111101
3611,의료용 기기,27111109
3611,의료용 기기,27111900
3611,의료용 기기,27112101
3611,의료용 기기,27112102
3611,의료용 기기,27112103
3611,의료용 기기,27112109
3611,의료용 기기,27112201
3611,의료용 기기,27112202
3611,의료용 기기,27112209
3611,의료용 기기,27112900
3611,의료용 기기,27191101
3611,의료용 기기,27191102
3611,의료용 기기,27191900
3611,의료용 기기,27192101
3611,의료용 기기,27192102
3611,의료용 기기,27192103
3611,의료용 기기,27192104
3611,의료용 기기,27192105
3611,의료용 기기,27192900
3611,의료용 기기,27193101
3611,의료용 기기,27193109
3611,의료용 기기,27193201
3611,의료용 기기,27193202
3611,의료용 기기,27193901
3611,의료용 기기,27193909
3611,의료용 기기,27194101
3611,의료용 기기,27194102
3611,의료용 기기,27194109
3611,의료용 기기,27199101
3611,의료용 기기,27199102
3611,의료용 기기,27199103
3611,의료용 기기,27199109
3611,의료용 기기,27199800
3611,의료용 기기,27199900
3612,측정 및 분석기기,27111102
3612,측정 및 분석기기,27211101
3612,측정 및 분석기기,27211102
3612,측정 및 분석기기,27211104
3612,측정 및 분석기기,27211105
3612,측정 및 분석기기,27211107
3612,측정 및 분석기기,27211201
3612,측정 및 분석기기,27211202
3612,측정 및 분석기기,27211209
3612,측정 및 분석기기,27211900
3612,측정 및 분석기기,27212101
3612,측정 및 분석기기,27212102
3612,측정 및 분석기기,27212109
3612,측정 및 분석기기,27212900
3612,측정 및 분석기기,27213101
3612,측정 및 분석기기,27213102
3612,측정 및 분석기기,27213103
3612,측정 및 분석기기,27213104
3612,측정 및 분석기기,27213105
3612,측정 및 분석기기,27213106
3612,측정 및 분석기기,27213107
3612,측정 및 분석기기,27213108
3612,측정 및 분석기기,27213109
3612,측정 및 분석기기,27213900
3612,측정 및 분석기기,27214101
3612,측정 및 분석기기,27214102
3612,측정 및 분석기기,27214103
3612,측정 및 분석기기,27214104
3612,측정 및 분석기기,27214105
3612,측정 및 분석기기,27214109
3612,측정 및 분석기기,27214900
3612,측정 및 분석기기,27219100
3612,측정 및 분석기기,27219901
3612,측정 및 분석기기,27219902
3613,자동조정 및 제어기기,27215101
3613,자동조정 및 제어기기,27215109
3613,자동조정 및 제어기기,27215900
3613,자동조정 및 제어기기,27216101
3613,자동조정 및 제어기기,27216102
3613,자동조정 및 제어기기,27216109
3613,자동조정 및 제어기기,27216900
3691,사진장비 및 광학기기,26421300
3691,사진장비 및 광학기기,27301101
3691,사진장비 및 광학기기,27301102
3691,사진장비 및 광학기기,27301103
3691,사진장비 및 광학기기,27301104
3691,사진장비 및 광학기기,27301105
3691,사진장비 및 광학기기,27301109
3691,사진장비 및 광학기기,27302101
3691,사진장비 및 광학기기,27302102
3691,사진장비 및 광학기기,27302103
3691,사진장비 및 광학기기,27302104
3691,사진장비 및 광학기기,27302105
3691,사진장비 및 광학기기,27302109
3691,사진장비 및 광학기기,27302200
3691,사진장비 및 광학기기,27302900
3691,사진장비 및 광학기기,27309101
3691,사진장비 및 광학기기,27309102
3691,사진장비 및 광학기기,27309109
3691,사진장비 및 광학기기,27309200
3691,사진장비 및 광학기기,27309900
3692,시계,27400101
3692,시계,27400102
3692,시계,27400109
3692,시계,27400201
3692,시계,27400202
3692,시계,27400900
3710,발전기 및 전동기,28111101
3710,발전기 및 전동기,28111102
3710,발전기 및 전동기,28111103
3710,발전기 및 전동기,28111201
3710,발전기 및 전동기,28111202
3710,발전기 및 전동기,28111203
3710,발전기 및 전동기,28111301
3710,발전기 및 전동기,28111302
3710,발전기 및 전동기,28111400
3710,발전기 및 전동기,28111900
3721,변압기,28112101
3721,변압기,28112102
3721,변압기,28112103
3721,변압기,28112104
3721,변압기,28112105
3721,변압기,28112900
3722,전기변환장치,28113100
3722,전기변환장치,28113900
3722,전기변환장치,28119101
3722,전기변환장치,28119102
3722,전기변환장치,28119103
3722,전기변환장치,28119104
3722,전기변환장치,28119105
3722,전기변환장치,28119106
3722,전기변환장치,28119107
3722,전기변환장치,28119109
3722,전기변환장치,28119900
3723,전기회로 개폐 및 접속장치,28121101
3723,전기회로 개폐 및 접속장치,28121102
3723,전기회로 개폐 및 접속장치,28121109
3723,전기회로 개폐 및 접속장치,28121201
3723,전기회로 개폐 및 접속장치,28121202
3723,전기회로 개폐 및 접속장치,28121203
3723,전기회로 개폐 및 접속장치,28121209
3723,전기회로 개폐 및 접속장치,28121900
3723,전기회로 개폐 및 접속장치,28122101
3723,전기회로 개폐 및 접속장치,28122102
3723,전기회로 개폐 및 접속장치,28122103
3723,전기회로 개폐 및 접속장치,28122104
3723,전기회로 개폐 및 접속장치,28122109
3723,전기회로 개폐 및 접속장치,28122200
3723,전기회로 개폐 및 접속장치,28122900
3724,배전반 및 전기자동 제어반,28123101
3724,배전반 및 전기자동 제어반,28123102
3724,배전반 및 전기자동 제어반,28123201
3724,배전반 및 전기자동 제어반,28123202
3724,배전반 및 전기자동 제어반,28123203
3724,배전반 및 전기자동 제어반,28123900
3730,전지,28114100
3730,전지,28119108
3730,전지,28201100
3730,전지,28201900
3730,전지,28202101
3730,전지,28202109
3730,전지,28202200
3730,전지,28202900
3730,전지,28909400
3740,전선 및 케이블,28301100
3740,전선 및 케이블,28302101
3740,전선 및 케이블,28302102
3740,전선 및 케이블,28302103
3740,전선 및 케이블,28302104
3740,전선 및 케이블,28302105
3740,전선 및 케이블,28302109
3740,전선 및 케이블,28303100
3751,가정용 냉장고 및 냉동고,28511201
3751,가정용 냉장고 및 냉동고,28511202
3751,가정용 냉장고 및 냉동고,28511203
3751,가정용 냉장고 및 냉동고,28511204
3752,주방용 및 난방용 전기기기,28511101
3752,주방용 및 난방용 전기기기,28511102
3752,주방용 및 난방용 전기기기,28511103
3752,주방용 및 난방용 전기기기,28511104
3752,주방용 및 난방용 전기기기,28511105
3752,주방용 및 난방용 전기기기,28511109
3752,주방용 및 난방용 전기기기,28511301
3752,주방용 및 난방용 전기기기,28511302
3752,주방용 및 난방용 전기기기,28511303
3752,주방용 및 난방용 전기기기,28511304
3752,주방용 및 난방용 전기기기,28511800
3752,주방용 및 난방용 전기기기,28511900
3752,주방용 및 난방용 전기기기,28512101
3752,주방용 및 난방용 전기기기,28512102
3752,주방용 및 난방용 전기기기,28512103
3752,주방용 및 난방용 전기기기,28512104
3752,주방용 및 난방용 전기기기,28512105
3752,주방용 및 난방용 전기기기,28512109
3752,주방용 및 난방용 전기기기,28512900
3759,기타 가정용 전기기기,28519101
3759,기타 가정용 전기기기,28519102
3759,기타 가정용 전기기기,28519103
3759,기타 가정용 전기기기,28519104
3759,기타 가정용 전기기기,28519109
3759,기타 가정용 전기기기,28519201
3759,기타 가정용 전기기기,28519202
3759,기타 가정용 전기기기,28519203
3759,기타 가정용 전기기기,28519301
3759,기타 가정용 전기기기,28519302
3759,기타 가정용 전기기기,28519801
3759,기타 가정용 전기기기,28519802
3759,기타 가정용 전기기기,28519803
3759,기타 가정용 전기기기,28519804
3759,기타 가정용 전기기기,28519809
3759,기타 가정용 전기기기,28519900
3759,기타 가정용 전기기기,28520101
3759,기타 가정용 전기기기,28520102
3759,기타 가정용 전기기기,28520103
3759,기타 가정용 전기기기,28520104
3759,기타 가정용 전기기기,28520109
3759,기타 가정용 전기기기,28520201
3759,기타 가정용 전기기기,28520202
3759,기타 가정용 전기기기,28520203
3759,기타 가정용 전기기기,28520209
3759,기타 가정용 전기기기,28520900
3791,전구 및 램프,28410101
3791,전구 및 램프,28410102
3791,전구 및 램프,28410109
3791,전구 및 램프,28410201
3791,전구 및 램프,28410209
3791,전구 및 램프,28410300
3791,전구 및 램프,28410800
3791,전구 및 램프,28410900
3792,조명장치,28421101
3792,조명장치,28421102
3792,조명장치,28421900
3792,조명장치,28422101
3792,조명장치,28422102
3792,조명장치,28422200
3792,조명장치,28422300
3792,조명장치,28422900
3792,조명장치,28423101
3792,조명장치,28423102
3792,조명장치,28423900
3792,조명장치,28429101
3792,조명장치,28429109
3792,조명장치,28429900
3799,기타 전기장비,28901101
3799,기타 전기장비,28901102
3799,기타 전기장비,28901109
3799,기타 전기장비,28901900
3799,기타 전기장비,28902100
3799,기타 전기장비,28902201
3799,기타 전기장비,28902202
3799,기타 전기장비,28902209
3799,기타 전기장비,28903100
3799,기타 전기장비,28903900
3799,기타 전기장비,28909100
3799,기타 전기장비,28909200
3799,기타 전기장비,28909301
3799,기타 전기장비,28909302
3799,기타 전기장비,28909309
3799,기타 전기장비,28909801
3799,기타 전기장비,28909802
3799,기타 전기장비,28909803
3799,기타 전기장비,28909804
3799,기타 전기장비,28909805
3799,기타 전기장비,28909809
3799,기타 전기장비,28909900
3799,기타 전기장비,30332101
3799,기타 전기장비,30332102
3799,기타 전기장비,30332103
3799,기타 전기장비,30332104
3799,기타 전기장비,30332105
3799,기타 전기장비,30332106
3799,기타 전기장비,30332107
3799,기타 전기장비,30332108
3799,기타 전기장비,30332109
3799,기타 전기장비,30332900
3810,내연기관 및 터빈,29111101
3810,내연기관 및 터빈,29111102
3810,내연기관 및 터빈,29111900
3810,내연기관 및 터빈,29119100
3810,내연기관 및 터빈,29119900
3820,펌프 및 압축기,29120101
3820,펌프 및 압축기,29120102
3820,펌프 및 압축기,29120200
3820,펌프 및 압축기,29120300
3820,펌프 및 압축기,29120800
3820,펌프 및 압축기,29120900
3820,펌프 및 압축기,29131101
3820,펌프 및 압축기,29131102
3820,펌프 및 압축기,29131103
3820,펌프 및 압축기,29131900
3820,펌프 및 압축기,29132101
3820,펌프 및 압축기,29132102
3820,펌프 및 압축기,29132103
3820,펌프 및 압축기,29132104
3820,펌프 및 압축기,29132109
3820,펌프 및 압축기,29132900
3831,밸브,29133101
3831,밸브,29133102
3831,밸브,29133103
3831,밸브,29133104
3831,밸브,29133105
3831,밸브,29133106
3831,밸브,29133107
3831,밸브,29133109
3831,밸브,29133900
3832,"베어링, 기어 및 동력전달장치",29141101
3832,"베어링, 기어 및 동력전달장치",29141102
3832,"베어링, 기어 및 동력전달장치",29141103
3832,"베어링, 기어 및 동력전달장치",29141109
3832,"베어링, 기어 및 동력전달장치",29141900
3832,"베어링, 기어 및 동력전달장치",29142101
3832,"베어링, 기어 및 동력전달장치",29142102
3832,"베어링, 기어 및 동력전달장치",29142103
3832,"베어링, 기어 및 동력전달장치",29142104
3832,"베어링, 기어 및 동력전달장치",29142109
3832,"베어링, 기어 및 동력전달장치",29142900
3840,산업용 운반기계,29161101
3840,산업용 운반기계,29161109
3840,산업용 운반기계,29161900
3840,산업용 운반기계,29162101
3840,산업용 운반기계,29162102
3840,산업용 운반기계,29162103
3840,산업용 운반기계,29162104
3840,산업용 운반기계,29162900
3840,산업용 운반기계,29163101
3840,산업용 운반기계,29163102
3840,산업용 운반기계,29163900
3840,산업용 운반기계,29169101
3840,산업용 운반기계,29169102
3840,산업용 운반기계,29169103
3840,산업용 운반기계,29169109
3840,산업용 운반기계,29169900
3851,공기조절장치 및 냉장냉동 장비,29171101
3851,공기조절장치 및 냉장냉동 장비,29171102
3851,공기조절장치 및 냉장냉동 장비,29171103
3851,공기조절장치 및 냉장냉동 장비,29171104
3851,공기조절장치 및 냉장냉동 장비,29171109
3851,공기조절장치 및 냉장냉동 장비,29171900
3851,공기조절장치 및 냉장냉동 장비,29172101
3851,공기조절장치 및 냉장냉동 장비,29172102
3851,공기조절장치 및 냉장냉동 장비,29172103
3851,공기조절장치 및 냉장냉동 장비,29172104
3851,공기조절장치 및 냉장냉동 장비,29172105
3851,공기조절장치 및 냉장냉동 장비,29172106
3851,공기조절장치 및 냉장냉동 장비,29172107
3851,공기조절장치 및 냉장냉동 장비,29172109
3851,공기조절장치 및 냉장냉동 장비,29172900
3852,공기 및 액체 여과기,29173100
3852,공기 및 액체 여과기,29173900
3852,공기 및 액체 여과기,29174101
3852,공기 및 액체 여과기,29174102
3852,공기 및 액체 여과기,29174103
3852,공기 및 액체 여과기,29174109
3852,공기 및 액체 여과기,29174900
3852,공기 및 액체 여과기,29175101
3852,공기 및 액체 여과기,29175102
3852,공기 및 액체 여과기,29175103
3852,공기 및 액체 여과기,29175109
3852,공기 및 액체 여과기,29175900
3891,사무용기기,29180100
3891,사무용기기,29180201
3891,사무용기기,29180202
3891,사무용기기,29180203
3891,사무용기기,29180204
3891,사무용기기,29180205
3891,사무용기기,29180206
3891,사무용기기,29180207
3891,사무용기기,29180209
3891,사무용기기,29180301
3891,사무용기기,29180302
3891,사무용기기,29180303
3891,사무용기기,29180309
3891,사무용기기,29180901
3891,사무용기기,29180902
3891,사무용기기,29180903
3899,기타 일반목적용 기계,29150101
3899,기타 일반목적용 기계,29150102
3899,기타 일반목적용 기계,29150103
3899,기타 일반목적용 기계,29150900
3899,기타 일반목적용 기계,29176101
3899,기타 일반목적용 기계,29176102
3899,기타 일반목적용 기계,29176900
3899,기타 일반목적용 기계,29191101
3899,기타 일반목적용 기계,29191102
3899,기타 일반목적용 기계,29191900
3899,기타 일반목적용 기계,29192101
3899,기타 일반목적용 기계,29192102
3899,기타 일반목적용 기계,29192103
3899,기타 일반목적용 기계,29192900
3899,기타 일반목적용 기계,29193101
3899,기타 일반목적용 기계,29193102
3899,기타 일반목적용 기계,29193103
3899,기타 일반목적용 기계,29193900
3899,기타 일반목적용 기계,29194101
3899,기타 일반목적용 기계,29194109
3899,기타 일반목적용 기계,29194900
3899,기타 일반목적용 기계,29199100
3899,기타 일반목적용 기계,29199201
3899,기타 일반목적용 기계,29199209
3899,기타 일반목적용 기계,29199301
3899,기타 일반목적용 기계,29199302
3899,기타 일반목적용 기계,29199309
3899,기타 일반목적용 기계,29199901
3899,기타 일반목적용 기계,29199902
3911,농업용 기계,29210101
3911,농업용 기계,29210102
3911,농업용 기계,29210103
3911,농업용 기계,29210109
3911,농업용 기계,29210201
3911,농업용 기계,29210202
3911,농업용 기계,29210209
3911,농업용 기계,29210301
3911,농업용 기계,29210302
3911,농업용 기계,29210309
3911,농업용 기계,29210401
3911,농업용 기계,29210409
3911,농업용 기계,29210800
3911,농업용 기계,29210900
3912,건설 및 광물처리기계,29241101
3912,건설 및 광물처리기계,29241102
3912,건설 및 광물처리기계,29241103
3912,건설 및 광물처리기계,29241104
3912,건설 및 광물처리기계,29241105
3912,건설 및 광물처리기계,29241106
3912,건설 및 광물처리기계,29241107
3912,건설 및 광물처리기계,29241108
3912,건설 및 광물처리기계,29241109
3912,건설 및 광물처리기계,29241119
3912,건설 및 광물처리기계,29241901
3912,건설 및 광물처리기계,29241902
3912,건설 및 광물처리기계,29242101
3912,건설 및 광물처리기계,29242109
3912,건설 및 광물처리기계,29242201
3912,건설 및 광물처리기계,29242209
3912,건설 및 광물처리기계,29242900
3920,금속가공용 기계,29221101
3920,금속가공용 기계,29221102
3920,금속가공용 기계,29221109
3920,금속가공용 기계,29221900
3920,금속가공용 기계,29223101
3920,금속가공용 기계,29223102
3920,금속가공용 기계,29223201
3920,금속가공용 기계,29223202
3920,금속가공용 기계,29223801
3920,금속가공용 기계,29223802
3920,금속가공용 기계,29223803
3920,금속가공용 기계,29223804
3920,금속가공용 기계,29223805
3920,금속가공용 기계,29223806
3920,금속가공용 기계,29223807
3920,금속가공용 기계,29223809
3920,금속가공용 기계,29223900
3920,금속가공용 기계,29224101
3920,금속가공용 기계,29224102
3920,금속가공용 기계,29224201
3920,금속가공용 기계,29224202
3920,금속가공용 기계,29224203
3920,금속가공용 기계,29224801
3920,금속가공용 기계,29224802
3920,금속가공용 기계,29224803
3920,금속가공용 기계,29224804
3920,금속가공용 기계,29224809
3920,금속가공용 기계,29224900
3920,금속가공용 기계,29230101
3920,금속가공용 기계,29230102
3920,금속가공용 기계,29230901
3920,금속가공용 기계,29230909
3930,금형 및 주형,29294101
3930,금형 및 주형,29294102
3930,금형 및 주형,29294109
3930,금형 및 주형,29294901
3930,금형 및 주형,29294909
3941,반도체 제조용 기계,29271101
3941,반도체 제조용 기계,29271102
3941,반도체 제조용 기계,29271103
3941,반도체 제조용 기계,29271104
3941,반도체 제조용 기계,29271109
3941,반도체 제조용 기계,29271900
3942,디스플레이 제조용 기계,29272100
3942,디스플레이 제조용 기계,29272900
3991,음식료품 가공기계,29250101
3991,음식료품 가공기계,29250102
3991,음식료품 가공기계,29250109
3991,음식료품 가공기계,29250111
3991,음식료품 가공기계,29250119
3991,음식료품 가공기계,29250121
3991,음식료품 가공기계,29250129
3991,음식료품 가공기계,29250900
3992,섬유 및 의복가공 기계,29261100
3992,섬유 및 의복가공 기계,29261201
3992,섬유 및 의복가공 기계,29261202
3992,섬유 및 의복가공 기계,29261209
3992,섬유 및 의복가공 기계,29269101
3992,섬유 및 의복가공 기계,29269102
3992,섬유 및 의복가공 기계,29269201
3992,섬유 및 의복가공 기계,29269202
3992,섬유 및 의복가공 기계,29269209
3992,섬유 및 의복가공 기계,29269211
3992,섬유 및 의복가공 기계,29269212
3992,섬유 및 의복가공 기계,29269213
3992,섬유 및 의복가공 기계,29269219
3992,섬유 및 의복가공 기계,29269220
3992,섬유 및 의복가공 기계,29269901
3992,섬유 및 의복가공 기계,29269902
3992,섬유 및 의복가공 기계,29269909
3993,산업용 로봇,29280101
3993,산업용 로봇,29280102
3993,산업용 로봇,29280103
3993,산업용 로봇,29280109
3993,산업용 로봇,29280900
3994,제지 및 인쇄기계,29291101
3994,제지 및 인쇄기계,29291102
3994,제지 및 인쇄기계,29291103
3994,제지 및 인쇄기계,29291104
3994,제지 및 인쇄기계,29291109
3994,제지 및 인쇄기계,29291900
3994,제지 및 인쇄기계,29293101
3994,제지 및 인쇄기계,29293109
3994,제지 및 인쇄기계,29293900
3995,고무 및 플라스틱 성형기계,29292101
3995,고무 및 플라스틱 성형기계,29292102
3995,고무 및 플라스틱 성형기계,29292103
3995,고무 및 플라스틱 성형기계,29292109
3995,고무 및 플라스틱 성형기계,29292200
3995,고무 및 플라스틱 성형기계,29292900
3999,기타 특수목적용기계,29222100
3999,기타 특수목적용기계,29222900
3999,기타 특수목적용기계,29229100
3999,기타 특수목적용기계,29229800
3999,기타 특수목적용기계,29229910
3999,기타 특수목적용기계,29229991
3999,기타 특수목적용기계,29229999
3999,기타 특수목적용기계,29299101
3999,기타 특수목적용기계,29299102
3999,기타 특수목적용기계,29299103
3999,기타 특수목적용기계,29299104
3999,기타 특수목적용기계,29299105
3999,기타 특수목적용기계,29299106
3999,기타 특수목적용기계,29299107
3999,기타 특수목적용기계,29299108
3999,기타 특수목적용기계,29299109
3999,기타 특수목적용기계,29299900
4011,승용차,30121101
4011,승용차,30121102
4011,승용차,30121103
4011,승용차,30121104
4011,승용차,30121105
4011,승용차,30121301
4011,승용차,30121303
4011,승용차,30121304
4011,승용차,30121400
4011,승용차,30121800
4012,전기승용차,30121302
4013,버스,30121201
4013,버스,30121202
4013,버스,30121203
4013,버스,30121204
4014,트럭,30122101
4014,트럭,30122102
4014,트럭,30122103
4014,트럭,30122104
4014,트럭,30122200
4021,특장차,30201102
4021,특장차,30201103
4021,특장차,30201109
4021,특장차,30202100
4022,트레일러 및 컨테이너,30203100
4022,트레일러 및 컨테이너,30203200
4022,트레일러 및 컨테이너,30203900
4031,자동차용 엔진,30110101
4031,자동차용 엔진,30110102
4031,자동차용 엔진,30310100
4032,자동차 부분품,30201101
4032,자동차 부분품,30320100
4032,자동차 부분품,30331100
4032,자동차 부분품,30391101
4032,자동차 부분품,30391102
4032,자동차 부분품,30392100
4032,자동차 부분품,30393100
4032,자동차 부분품,30393900
4032,자동차 부분품,30399101
4032,자동차 부분품,30399102
4032,자동차 부분품,30399103
4032,자동차 부분품,30399104
4032,자동차 부분품,30399105
4032,자동차 부분품,30399106
4032,자동차 부분품,30399107
4032,자동차 부분품,30399108
4032,자동차 부분품,30399109
4032,자동차 부분품,30400100
4101,강철제 선박,31111101
4101,강철제 선박,31111102
4101,강철제 선박,31111103
4101,강철제 선박,31111104
4101,강철제 선박,31111105
4101,강철제 선박,31111109
4101,강철제 선박,31111201
4101,강철제 선박,31111202
4101,강철제 선박,31111209
4102,기타 선박,31112101
4102,기타 선박,31112102
4102,기타 선박,31113101
4102,기타 선박,31113102
4102,기타 선박,31113201
4102,기타 선박,31113202
4102,기타 선박,31120101
4102,기타 선박,31120102
4103,선박 수리 및 부분품,31111300
4103,선박 수리 및 부분품,31112200
4103,선박 수리 및 부분품,31113300
4103,선박 수리 및 부분품,31114100
4210,철도차량,31201101
4210,철도차량,31201102
4210,철도차량,31201103
4210,철도차량,31201104
4210,철도차량,31201105
4210,철도차량,31201200
4210,철도차량,31202101
4210,철도차량,31202102
4210,철도차량,31202200
4210,철도차량,31202901
4210,철도차량,31202902
4220,항공기,31311101
4220,항공기,31311102
4220,항공기,31311200
4220,항공기,31311300
4220,항공기,31312101
4220,항공기,31312102
4220,항공기,31321100
4220,항공기,31322101
4220,항공기,31322200
4220,항공기,31322900
4291,모터사이클,31920100
4291,모터사이클,31920900
4299,기타 운수장비,31910100
4299,기타 운수장비,31910900
4299,기타 운수장비,31991101
4299,기타 운수장비,31991201
4299,기타 운수장비,31991300
4299,기타 운수장비,31991901
4299,기타 운수장비,31991902
4299,기타 운수장비,31991903
4299,기타 운수장비,31999800
4299,기타 운수장비,31999900
4311,목재 가구,32021101
4311,목재 가구,32021102
4311,목재 가구,32021103
4311,목재 가구,32021104
4311,목재 가구,32021105
4311,목재 가구,32021109
4311,목재 가구,32029100
4311,목재 가구,32029201
4311,목재 가구,32029202
4311,목재 가구,32029203
4311,목재 가구,32029204
4311,목재 가구,32029205
4311,목재 가구,32029206
4311,목재 가구,32029207
4311,목재 가구,32029208
4311,목재 가구,32029209
4311,목재 가구,32029210
4311,목재 가구,32029211
4311,목재 가구,32029212
4311,목재 가구,32029219
4311,목재 가구,32029301
4311,목재 가구,32029302
4311,목재 가구,32029303
4311,목재 가구,32029304
4311,목재 가구,32029305
4311,목재 가구,32029306
4311,목재 가구,32029309
4311,목재 가구,32029801
4311,목재 가구,32029802
4311,목재 가구,32029803
4311,목재 가구,32029900
4312,금속 가구,32091101
4312,금속 가구,32091109
4312,금속 가구,32091201
4312,금속 가구,32091202
4312,금속 가구,32091203
4312,금속 가구,32091209
4312,금속 가구,32091211
4312,금속 가구,32091212
4312,금속 가구,32091213
4312,금속 가구,32091219
4312,금속 가구,32091900
4319,기타 가구,27194103
4319,기타 가구,32011101
4319,기타 가구,32011102
4319,기타 가구,32019100
4319,기타 가구,32099101
4319,기타 가구,32099109
4319,기타 가구,32099900
4391,장난감 및 오락용품,33401101
4391,장난감 및 오락용품,33401102
4391,장난감 및 오락용품,33401201
4391,장난감 및 오락용품,33401202
4391,장난감 및 오락용품,33401203
4391,장난감 및 오락용품,33401209
4391,장난감 및 오락용품,33401900
4391,장난감 및 오락용품,33402101
4391,장난감 및 오락용품,33402102
4391,장난감 및 오락용품,33402900
4391,장난감 및 오락용품,33409800
4391,장난감 및 오락용품,33409900
4392,운동 및 경기용품,33301100
4392,운동 및 경기용품,33302100
4392,운동 및 경기용품,33303101
4392,운동 및 경기용품,33303102
4392,운동 및 경기용품,33303103
4392,운동 및 경기용품,33303104
4392,운동 및 경기용품,33303109
4392,운동 및 경기용품,33303200
4392,운동 및 경기용품,33309101
4392,운동 및 경기용품,33309102
4392,운동 및 경기용품,33309103
4392,운동 및 경기용품,33309104
4392,운동 및 경기용품,33309105
4392,운동 및 경기용품,33309109
4393,악기,33201100
4393,악기,33201900
4393,악기,33202101
4393,악기,33202102
4393,악기,33202109
4393,악기,33202900
4393,악기,33209101
4393,악기,33209102
4393,악기,33209200
4393,악기,33209301
4393,악기,33209302
4393,악기,33209800
4393,악기,33209900
4394,문구용품,33920101
4394,문구용품,33920102
4394,문구용품,33920103
4394,문구용품,33920109
4394,문구용품,33920201
4394,문구용품,33920202
4394,문구용품,33920301
4394,문구용품,33920302
4394,문구용품,33920203
4394,문구용품,33920209
4394,문구용품,33920400
4394,문구용품,33920900
4395,귀금속 및 보석,33110100
4395,귀금속 및 보석,33110201
4395,귀금속 및 보석,33110202
4395,귀금속 및 보석,33110203
4395,귀금속 및 보석,33110300
4396,모형 및 장식용품,33120101
4396,모형 및 장식용품,33120102
4396,모형 및 장식용품,33910100
4396,모형 및 장식용품,33931101
4396,모형 및 장식용품,33931102
4396,모형 및 장식용품,33932100
4396,모형 및 장식용품,33932200
4396,모형 및 장식용품,33933100
4396,모형 및 장식용품,33933900
4399,기타 제조업 제품,33991101
4399,기타 제조업 제품,33991102
4399,기타 제조업 제품,33991103
4399,기타 제조업 제품,33991109
4399,기타 제조업 제품,33991900
4399,기타 제조업 제품,33992101
4399,기타 제조업 제품,33992102
4399,기타 제조업 제품,33992103
4399,기타 제조업 제품,33992104
4399,기타 제조업 제품,33992109
4399,기타 제조업 제품,33992900
4399,기타 제조업 제품,33993101
4399,기타 제조업 제품,33993102
4399,기타 제조업 제품,33993103
4399,기타 제조업 제품,33993104
4399,기타 제조업 제품,33993105
4399,기타 제조업 제품,33999100
4399,기타 제조업 제품,33999201
4399,기타 제조업 제품,33999202
4399,기타 제조업 제품,33999203
4399,기타 제조업 제품,33999204
4399,기타 제조업 제품,33999301
4399,기타 제조업 제품,33999302
4399,기타 제조업 제품,33999801
4399,기타 제조업 제품,33999802
4399,기타 제조업 제품,33999809
4399,기타 제조업 제품,33999900
4401,제조임가공서비스,05100sc1-08000sc1
4401,제조임가공서비스,10111sc1-12000sc1
4401,제조임가공서비스,13101sc1-15220sc1(13401sc1-13409sc1 제외)
4401,제조임가공서비스,16101sc1-17909sc1
4401,제조임가공서비스,19101sc1-19229sc1
4401,제조임가공서비스,20112sc1-22299sc1
4401,제조임가공서비스,23111sc1-23999sc1
4401,제조임가공서비스,24111sc1-24329sc1
4401,제조임가공서비스,25111sc1-25999sc1(25921sc1-25929sc1 제외)
4401,제조임가공서비스,26111sc1-26600sc1
4401,제조임가공서비스,27111sc1-27400sc1
4401,제조임가공서비스,28111sc1-28909sc1
4401,제조임가공서비스,29111sc1-29299sc1
4401,제조임가공서비스,30110sc1-31999sc1
4401,제조임가공서비스,32011sc1-33999sc1
4402,산업용 기계 및 장비 수리,34011100
4402,산업용 기계 및 장비 수리,34019101
4402,산업용 기계 및 장비 수리,34019102
4402,산업용 기계 및 장비 수리,34019103
4402,산업용 기계 및 장비 수리,34020100
4501,수력,35112
4501,수력,35120
4501,수력,35130
4502,화력,35113
4503,원자력,35111
4504,자가발전,35119
4505,신에너지,35119
4506,재생에너지,35114
4506,재생에너지,35119
4610,도시가스,35200
4620,증기 및 온수 공급,35300
4700,수도,36010
4700,수도,36020
4801,"하수,폐수 및 분뇨처리(국공립)",37011
4801,"하수,폐수 및 분뇨처리(국공립)",37022
4802,"하수,폐수 및 분뇨처리(산업)",37011
4802,"하수,폐수 및 분뇨처리(산업)",37012
4802,"하수,폐수 및 분뇨처리(산업)",37021
4802,"하수,폐수 및 분뇨처리(산업)",37022
4802,"하수,폐수 및 분뇨처리(산업)",39001
4802,"하수,폐수 및 분뇨처리(산업)",39009
4911,"폐기물 수집, 운반 및 처리(국공립)",38240
4912,"폐기물 수집, 운반 및 처리(산업)",38110
4912,"폐기물 수집, 운반 및 처리(산업)",38120
4912,"폐기물 수집, 운반 및 처리(산업)",38130
4912,"폐기물 수집, 운반 및 처리(산업)",38210
4912,"폐기물 수집, 운반 및 처리(산업)",38220
4912,"폐기물 수집, 운반 및 처리(산업)",38230
4912,"폐기물 수집, 운반 및 처리(산업)",38240
4920,자원재활용서비스,38311
4920,자원재활용서비스,38312
4920,자원재활용서비스,38321
4920,자원재활용서비스,38322
4920,자원재활용서비스,46791
5010,주거용 건물,101(410)
5010,주거용 건물,102(411)
5010,주거용 건물,103(412)
5010,주거용 건물,104(413)
5010,주거용 건물,105(414)
5020,비주거용 건물,106(420)
5020,비주거용 건물,107(421)
5020,비주거용 건물,108(422)
5020,비주거용 건물,109(423)
5020,비주거용 건물,110(430)
5020,비주거용 건물,111(431)
5020,비주거용 건물,112(432)
5020,비주거용 건물,113(433)
5020,비주거용 건물,114(434)
5020,비주거용 건물,115(440)
5020,비주거용 건물,116(441)
5020,비주거용 건물,117(442)
5020,비주거용 건물,118(450)
5020,비주거용 건물,119(451)
5020,비주거용 건물,120(452)
5020,비주거용 건물,121(460)
5020,비주거용 건물,122(461)
5020,비주거용 건물,123(462)
5020,비주거용 건물,124(470)
5020,비주거용 건물,125(480)
5020,비주거용 건물,126(490)
5030,건축보수,41111-41119
5030,건축보수,41121-41129
5111,도로시설,201(210)
5111,도로시설,202(211)
5111,도로시설,203(212)
5111,도로시설,204(220)
5111,도로시설,209(251)
5111,도로시설,210(260)
5112,철도시설,205(221)
5112,철도시설,211(261)
5112,철도시설,213(270)
5112,철도시설,214(271)
5112,철도시설,215(272)
5113,항만시설,208(250)
5121,하천사방,206(230)
5121,하천사방,212(262)
5121,하천사방,226(282)
5121,하천사방,227(283)
5122,상하수도시설,219(290)
5122,상하수도시설,220(291)
5122,상하수도시설,221(292)
5122,상하수도시설,223(294)
5123,농림수산토목,207(240)
5123,농림수산토목,228(293)
5123,농림수산토목,229(295)
5124,도시토목,216(280)
5124,도시토목,217(281)
5124,도시토목,401(610)
5124,도시토목,402(611)
5124,도시토목,403(620)
5131,환경정화시설,302(511)
5131,환경정화시설,303(512)
5131,환경정화시설,304(513)
5131,환경정화시설,305(514)
5132,발전소 시설,306(520)
5133,산업플랜트,307(530)
5133,산업플랜트,308(540)
5133,산업플랜트,309(550)
5133,산업플랜트,310(590)
5190,기타 건설,224(299)
5200,도소매 및 상품중개서비스,45
5200,도소매 및 상품중개서비스,46101-46750
5200,도소매 및 상품중개서비스,46799
5200,도소매 및 상품중개서비스,46800
5200,도소매 및 상품중개서비스,47
5310,철도운송서비스,49101
5310,철도운송서비스,49102
5310,철도운송서비스,49211
5321,도로여객운송서비스,49212
5321,도로여객운송서비스,49219
5321,도로여객운송서비스,49220
5321,도로여객운송서비스,49231
5321,도로여객운송서비스,49232
5321,도로여객운송서비스,49233
5321,도로여객운송서비스,49239
5322,도로화물운송서비스,49301
5322,도로화물운송서비스,49302
5322,도로화물운송서비스,49303
5322,도로화물운송서비스,49309
5322,도로화물운송서비스,49500
5401,연안 및 내륙수상운송서비스,50121
5401,연안 및 내륙수상운송서비스,50122
5401,연안 및 내륙수상운송서비스,50130
5401,연안 및 내륙수상운송서비스,50201
5401,연안 및 내륙수상운송서비스,50202
5401,연안 및 내륙수상운송서비스,50209
5402,외항운송서비스,50111
5402,외항운송서비스,50112
5500,항공운송서비스,51100
5500,항공운송서비스,51200
5611,육상운송보조서비스,52911
5611,육상운송보조서비스,52912
5611,육상운송보조서비스,52913
5611,육상운송보조서비스,52914
5611,육상운송보조서비스,52915
5611,육상운송보조서비스,52919
5612,수상운송보조서비스,52921
5612,수상운송보조서비스,52929
5613,항공운송보조서비스,52931
5613,항공운송보조서비스,52939
5620,하역서비스,52941
5620,하역서비스,52942
5630,보관 및 창고서비스,52101
5630,보관 및 창고서비스,52102
5630,보관 및 창고서비스,52103
5630,보관 및 창고서비스,52104
5630,보관 및 창고서비스,52109
5690,기타 운송 관련 서비스,52991
5690,기타 운송 관련 서비스,52992
5690,기타 운송 관련 서비스,52993
5690,기타 운송 관련 서비스,52999
5710,공영우편서비스,49401
5710,공영우편서비스,61100
5720,소화물전문운송서비스,49401
5720,소화물전문운송서비스,49402
5811,일반음식점,56111
5811,일반음식점,56112
5811,일반음식점,56113
5811,일반음식점,56114
5811,일반음식점,56121
5811,일반음식점,56122
5811,일반음식점,56123
5811,일반음식점,56129
5811,일반음식점,56130
5811,일반음식점,56141
5811,일반음식점,56142
5812,기타음식점,56191
5812,기타음식점,56192
5812,기타음식점,56193
5812,기타음식점,56194
5812,기타음식점,56199
5813,주점,56211
5813,주점,56212
5813,주점,56213
5813,주점,56219
5814,비알콜음료점,56221
5814,비알콜음료점,56229
5820,숙박,55101
5820,숙박,55102
5820,숙박,55103
5820,숙박,55104
5820,숙박,55109
5820,숙박,55901
5820,숙박,55909
5911,유선통신서비스,61210
5912,무선 및 위성 통신서비스,61220
5991,통신 재판매 및 중개 서비스,61291
5999,기타 전기통신서비스,61299
6001,지상파 방송서비스,60100
6001,지상파 방송서비스,60210
6002,"유선, 위성 및 기타방송서비스",60221
6002,"유선, 위성 및 기타방송서비스",60222
6002,"유선, 위성 및 기타방송서비스",60229
6100,정보제공서비스,63111
6100,정보제공서비스,63120
6100,정보제공서비스,63910
6100,정보제공서비스,63991
6100,정보제공서비스,63999
6211,게임소프트웨어 출판,58211
6211,게임소프트웨어 출판,58212
6211,게임소프트웨어 출판,58219
6212,소프트웨어 개발 공급,58221
6212,소프트웨어 개발 공급,58222
6212,소프트웨어 개발 공급,62010
6212,소프트웨어 개발 공급,62021
6290,기타 IT서비스,62022
6290,기타 IT서비스,62090
6290,기타 IT서비스,63112
6300,신문 및 출판,58111
6300,신문 및 출판,58112
6300,신문 및 출판,58113
6300,신문 및 출판,58121
6300,신문 및 출판,58122
6300,신문 및 출판,58123
6300,신문 및 출판,58190
6401,영상·오디오물 제작 배급,59111
6401,영상·오디오물 제작 배급,59112
6401,영상·오디오물 제작 배급,59113
6401,영상·오디오물 제작 배급,59114
6401,영상·오디오물 제작 배급,59120
6401,영상·오디오물 제작 배급,59130
6401,영상·오디오물 제작 배급,59201
6401,영상·오디오물 제작 배급,59202
6402,영화상영,59141
6402,영화상영,59142
6510,중앙은행 및 예금취급기관,64110
6510,중앙은행 및 예금취급기관,64121
6510,중앙은행 및 예금취급기관,64122
6510,중앙은행 및 예금취급기관,64131
6510,중앙은행 및 예금취급기관,64132
6510,중앙은행 및 예금취급기관,64912
6510,중앙은행 및 예금취급기관,64919
6591,금융투자기관,64201
6591,금융투자기관,64209
6599,기타 금융중개기관,64209
6599,기타 금융중개기관,64911
6599,기타 금융중개기관,64913
6599,기타 금융중개기관,64919
6599,기타 금융중개기관,64992
6599,기타 금융중개기관,64999
6601,생명보험,65110
6601,생명보험,65301
6602,연금기금,65110
6603,비생명보험,65121
6603,비생명보험,65122
6603,비생명보험,65200
6603,비생명보험,65302
6700,금융 및 보험 보조서비스,66110
6700,금융 및 보험 보조서비스,66121
6700,금융 및 보험 보조서비스,66122
6700,금융 및 보험 보조서비스,66191
6700,금융 및 보험 보조서비스,66192
6700,금융 및 보험 보조서비스,66199
6700,금융 및 보험 보조서비스,66201
6700,금융 및 보험 보조서비스,66202
6700,금융 및 보험 보조서비스,66209
6800,주거서비스,68111
6911,비주거용 건물 임대,68112
6912,부동산 개발 및 공급,68121
6912,부동산 개발 및 공급,68122
6912,부동산 개발 및 공급,68129
6920,부동산 관련 서비스,68211
6920,부동산 관련 서비스,68212
6920,부동산 관련 서비스,68221
6920,부동산 관련 서비스,68222
6920,부동산 관련 서비스,68223
7001,연구개발(국공립),70111-70209
7002,연구개발(비영리),70111-70209
7003,연구개발(산업),70111-70209
7004,기업내 연구개발,70111-70209
7111,법무 및 회계서비스,71101
7111,법무 및 회계서비스,71102
7111,법무 및 회계서비스,71103
7111,법무 및 회계서비스,71109
7111,법무 및 회계서비스,71201
7111,법무 및 회계서비스,71202
7111,법무 및 회계서비스,71209
7112,시장조사 및 경영지원서비스,71400
7112,시장조사 및 경영지원서비스,71511
7112,시장조사 및 경영지원서비스,71519
7112,시장조사 및 경영지원서비스,71531
7112,시장조사 및 경영지원서비스,71532
7112,시장조사 및 경영지원서비스,71600
7120,광고,71310
7120,광고,71391
7120,광고,71392
7120,광고,71393
7120,광고,71399
7210,건축·토목 관련 서비스,72111
7210,건축·토목 관련 서비스,72112
7210,건축·토목 관련 서비스,72121
7210,건축·토목 관련 서비스,72921
7210,건축·토목 관련 서비스,72922
7291,공학 관련 서비스,72122
7291,공학 관련 서비스,72129
7292,과학기술서비스,08000100
7292,과학기술서비스,08000800
7292,과학기술서비스,72911
7292,과학기술서비스,72919
7292,과학기술서비스,72923
7292,과학기술서비스,72924
7299,기타 전문서비스,73100
7299,기타 전문서비스,73201
7299,기타 전문서비스,73202
7299,기타 전문서비스,73203
7299,기타 전문서비스,73209
7299,기타 전문서비스,73301
7299,기타 전문서비스,73302
7299,기타 전문서비스,73303
7299,기타 전문서비스,73901
7299,기타 전문서비스,73902
7299,기타 전문서비스,73903
7299,기타 전문서비스,73904
7299,기타 전문서비스,73909
7300,장비·용품 및 지식재산권 임대,76110
7300,장비·용품 및 지식재산권 임대,76190
7300,장비·용품 및 지식재산권 임대,76210
7300,장비·용품 및 지식재산권 임대,76220
7300,장비·용품 및 지식재산권 임대,76291
7300,장비·용품 및 지식재산권 임대,76292
7300,장비·용품 및 지식재산권 임대,76299
7300,장비·용품 및 지식재산권 임대,76310
7300,장비·용품 및 지식재산권 임대,76320
7300,장비·용품 및 지식재산권 임대,76390
7300,장비·용품 및 지식재산권 임대,76400
7410,사업시설 유지관리 및 조경서비스,74100
7410,사업시설 유지관리 및 조경서비스,74211
7410,사업시설 유지관리 및 조경서비스,74212
7410,사업시설 유지관리 및 조경서비스,74220
7410,사업시설 유지관리 및 조경서비스,74300
7420,인력공급 및 알선,75110
7420,인력공급 및 알선,75121
7420,인력공급 및 알선,75122
7490,기타 사업지원서비스,75310
7490,기타 사업지원서비스,75320
7490,기타 사업지원서비스,75330
7490,기타 사업지원서비스,75911
7490,기타 사업지원서비스,75912
7490,기타 사업지원서비스,75919
7490,기타 사업지원서비스,75991
7490,기타 사업지원서비스,75992
7490,기타 사업지원서비스,75993
7490,기타 사업지원서비스,75994
7490,기타 사업지원서비스,75999
7511,중앙정부,84111-84500(84113 제외)
7511,중앙정부,64991
7512,지방정부,84113-84500
7520,사회보험(국공립),65131
7520,사회보험(국공립),65139
7520,사회보험(국공립),65303
7601,교육서비스(국공립),85110
7601,교육서비스(국공립),85120
7601,교육서비스(국공립),85211
7601,교육서비스(국공립),85212
7601,교육서비스(국공립),85221~85229
7601,교육서비스(국공립),85301
7601,교육서비스(국공립),85302
7601,교육서비스(국공립),85303
7601,교육서비스(국공립),85410
7601,교육서비스(국공립),85420
7601,교육서비스(국공립),85430
7601,교육서비스(국공립),85614
7601,교육서비스(국공립),85640
7601,교육서비스(국공립),85650
7601,교육서비스(국공립),85669
7602,교육서비스(비영리),85110
7602,교육서비스(비영리),85120
7602,교육서비스(비영리),85211
7602,교육서비스(비영리),85212
7602,교육서비스(비영리),85221
7602,교육서비스(비영리),85222
7602,교육서비스(비영리),85229
7602,교육서비스(비영리),85301
7602,교육서비스(비영리),85302
7602,교육서비스(비영리),85303
7602,교육서비스(비영리),85410
7602,교육서비스(비영리),85420
7602,교육서비스(비영리),85430
7602,교육서비스(비영리),85640
7602,교육서비스(비영리),85650
7603,교육서비스(산업),85501
7603,교육서비스(산업),85502
7603,교육서비스(산업),85503
7603,교육서비스(산업),85611
7603,교육서비스(산업),85612
7603,교육서비스(산업),85613
7603,교육서비스(산업),85614
7603,교육서비스(산업),85621
7603,교육서비스(산업),85622
7603,교육서비스(산업),85629
7603,교육서비스(산업),85631
7603,교육서비스(산업),85632
7603,교육서비스(산업),85650
7603,교육서비스(산업),85661
7603,교육서비스(산업),85669
7603,교육서비스(산업),85691
7603,교육서비스(산업),85699
7603,교육서비스(산업),85701
7603,교육서비스(산업),85709
7701,의료 및 보건(국공립),86101
7701,의료 및 보건(국공립),86102
7701,의료 및 보건(국공립),86103
7701,의료 및 보건(국공립),86104
7701,의료 및 보건(국공립),86105
7701,의료 및 보건(국공립),86201
7701,의료 및 보건(국공립),86202
7701,의료 및 보건(국공립),86203
7701,의료 및 보건(국공립),86204
7701,의료 및 보건(국공립),86300
7701,의료 및 보건(국공립),86909
7702,의료 및 보건(비영리),86101
7702,의료 및 보건(비영리),86102
7702,의료 및 보건(비영리),86103
7702,의료 및 보건(비영리),86104
7702,의료 및 보건(비영리),86105
7702,의료 및 보건(비영리),86201
7702,의료 및 보건(비영리),86202
7702,의료 및 보건(비영리),86203
7702,의료 및 보건(비영리),86204
7702,의료 및 보건(비영리),86909
7703,의료 및 보건(산업),47811
7703,의료 및 보건(산업),86101
7703,의료 및 보건(산업),86102
7703,의료 및 보건(산업),86103
7703,의료 및 보건(산업),86104
7703,의료 및 보건(산업),86105
7703,의료 및 보건(산업),86201
7703,의료 및 보건(산업),86202
7703,의료 및 보건(산업),86203
7703,의료 및 보건(산업),86204
7703,의료 및 보건(산업),86901
7703,의료 및 보건(산업),86902
7703,의료 및 보건(산업),86909
7801,사회복지서비스(국공립),87111
7801,사회복지서비스(국공립),87112
7801,사회복지서비스(국공립),87121
7801,사회복지서비스(국공립),87122
7801,사회복지서비스(국공립),87131
7801,사회복지서비스(국공립),87139
7801,사회복지서비스(국공립),87210
7801,사회복지서비스(국공립),87299
7802,사회복지서비스(비영리),87111
7802,사회복지서비스(비영리),87112
7802,사회복지서비스(비영리),87121
7802,사회복지서비스(비영리),87122
7802,사회복지서비스(비영리),87131
7802,사회복지서비스(비영리),87139
7802,사회복지서비스(비영리),87210
7802,사회복지서비스(비영리),87291
7802,사회복지서비스(비영리),87292
7802,사회복지서비스(비영리),87293
7802,사회복지서비스(비영리),87294
7802,사회복지서비스(비영리),87299
7901,문화서비스(국공립),90110
7901,문화서비스(국공립),90121~90123
7901,문화서비스(국공립),90211
7901,문화서비스(국공립),90221
7901,문화서비스(국공립),90222
7901,문화서비스(국공립),90231
7901,문화서비스(국공립),90232
7901,문화서비스(국공립),90290
7901,문화서비스(국공립),91111~91199
7901,문화서비스(국공립),91210
7901,문화서비스(국공립),91239
7901,문화서비스(국공립),91292
7902,"연극, 음악 및 기타예술",90110
7902,"연극, 음악 및 기타예술",90121
7902,"연극, 음악 및 기타예술",90122
7902,"연극, 음악 및 기타예술",90123
7902,"연극, 음악 및 기타예술",90131
7902,"연극, 음악 및 기타예술",90132
7902,"연극, 음악 및 기타예술",90191
7902,"연극, 음악 및 기타예술",90192
7902,"연극, 음악 및 기타예술",90199
7903,기타 문화서비스,90211
7903,기타 문화서비스,90212
7903,기타 문화서비스,90221
7903,기타 문화서비스,90222
7903,기타 문화서비스,90231
7903,기타 문화서비스,90232
7903,기타 문화서비스,90290
7904,여행사 및 여행보조 서비스,75210
7904,여행사 및 여행보조 서비스,75290
8001,스포츠서비스,91111
8001,스포츠서비스,91112
8001,스포츠서비스,91113
8001,스포츠서비스,91121
8001,스포츠서비스,91122
8001,스포츠서비스,91131
8001,스포츠서비스,91132
8001,스포츠서비스,91133
8001,스포츠서비스,91134
8001,스포츠서비스,91135
8001,스포츠서비스,91136
8001,스포츠서비스,91139
8001,스포츠서비스,91191
8001,스포츠서비스,91199
8002,오락서비스,91113
8002,오락서비스,91210
8002,오락서비스,91221
8002,오락서비스,91222
8002,오락서비스,91223
8002,오락서비스,91229
8002,오락서비스,91231
8002,오락서비스,91239
8002,오락서비스,91241
8002,오락서비스,91249
8002,오락서비스,91291
8002,오락서비스,91292
8002,오락서비스,91293
8002,오락서비스,91299
8101,산업 및 전문가단체,94110
8101,산업 및 전문가단체,94120
8109,기타 사회단체,94200
8109,기타 사회단체,94911
8109,기타 사회단체,94912
8109,기타 사회단체,94913
8109,기타 사회단체,94914
8109,기타 사회단체,94919
8109,기타 사회단체,94920
8109,기타 사회단체,94931
8109,기타 사회단체,94939
8109,기타 사회단체,94990
8211,자동차 수리서비스,95211
8211,자동차 수리서비스,95212
8211,자동차 수리서비스,95213
8211,자동차 수리서비스,95220
8212,전자통신기기 및 가정용품 수리서비스,34019200
8212,전자통신기기 및 가정용품 수리서비스,95110
8212,전자통신기기 및 가정용품 수리서비스,95120
8212,전자통신기기 및 가정용품 수리서비스,95310
8212,전자통신기기 및 가정용품 수리서비스,95391
8212,전자통신기기 및 가정용품 수리서비스,95392
8212,전자통신기기 및 가정용품 수리서비스,95393
8212,전자통신기기 및 가정용품 수리서비스,95399
8221,미용관련 서비스,96111
8221,미용관련 서비스,96112
8221,미용관련 서비스,96113
8221,미용관련 서비스,96119
8221,미용관련 서비스,96121
8221,미용관련 서비스,96122
8221,미용관련 서비스,96129
8222,세탁,96911
8222,세탁,96912
8222,세탁,96913
8223,가사서비스,97000
8229,기타 개인 서비스,96921
8229,기타 개인 서비스,96922
8229,기타 개인 서비스,96991
8229,기타 개인 서비스,96992
8229,기타 개인 서비스,96993
8229,기타 개인 서비스,96994
8229,기타 개인 서비스,96995
8229,기타 개인 서비스,96999
